text	source	transition	before_reasons	after_reasons	before_clauses	after_clauses
東流（ひがしながれ）は、博多祇園山笠や博多松囃子（博多どんたく）の運営における構成単位である流の一つである。	coverage_texts_ja.txt	abstain_reason_changed	"[""MAIN_PREDICATE_NOT_READ""]"	"[""NO_SUPPORTED_CLAUSE""]"	[]	[]
夫のクリストと妻のジャンヌ＝クロードは同じ1935年6月13日生まれである。	coverage_texts_ja.txt	abstain_reason_changed	"[""MAIN_PREDICATE_NOT_READ""]"	"[""NO_SUPPORTED_CLAUSE""]"	[]	[]
『おそ松くん』（おそまつくん）は、赤塚不二夫とフジオ・プロによる日本の漫画。	coverage_texts_ja.txt	abstain_reason_changed	"[""UNCOVERED_PREDICATE""]"	"[""NO_SUPPORTED_CLAUSE""]"	[]	[]
最も顕著な特徴は無調への傾倒と不協和音の多用である。	coverage_texts_ja.txt	abstain_reason_changed	"[""MAIN_PREDICATE_NOT_READ""]"	"[""NO_SUPPORTED_CLAUSE""]"	[]	[]
監督は本多猪四郎、原作は香山滋、脚本は村田武雄と本多猪四郎、特殊技術は円谷英二、音楽は伊福部昭。	coverage_texts_ja.txt	abstain_reason_changed	"[""PREDICATE_VALUE_NOT_MAPPED""]"	"[""NO_SUPPORTED_CLAUSE""]"	[]	[]
中屋旅館（なかやりょかん）とは、旅館の名称である。	coverage_texts_ja.txt	abstain_reason_changed	"[""MAIN_PREDICATE_NOT_READ""]"	"[""NO_SUPPORTED_CLAUSE""]"	[]	[]
ルキウス・カエサル（Lucius Julius Caesar Vipsanianus, 紀元前17年 - 紀元2年）は、古代ローマの将軍マルクス・ウィプサニウス・アグリッパと大ユリアの息子で、初代ローマ皇帝アウグストゥスの養子。	coverage_texts_ja.txt	abstain_reason_changed	"[""UNSUPPORTED_CLAUSE""]"	"[""NO_SUPPORTED_CLAUSE""]"	[]	[]
結成当初はPESELA-QUESELA-INから日高央と岩原幸夫（現NEIGS・元GALLOW・元BROKENSPACE・元グループ魂）による2人組の実験的なユニットであった。	coverage_texts_ja.txt	abstain_reason_changed	"[""QUANTIFIER_NOT_MAPPED:numeral""]"	"[""NO_SUPPORTED_CLAUSE""]"	[]	[]
東京都第2区（とうきょうとだい2く）は、日本の衆議院議員総選挙における選挙区。	coverage_texts_ja.txt	abstain_reason_changed	"[""QUANTIFIER_NOT_MAPPED:numeral""]"	"[""NO_SUPPORTED_CLAUSE""]"	[]	[]
