id	fixture	before	after	changed
FX-J01	B1_v2	correct	correct	
FX-J02	B1_v2	correct	correct	
FX-J03	B1_v2	correct	correct	
FX-J04	B1_v2	correct	correct	
FX-J05	B1_v2	correct	correct	
FX-J06	B1_v2	correct	correct	
FX-J07	B1_v2	over_abstain	over_abstain	
FX-J08	B1_v2	over_abstain	over_abstain	
FX-J09	B1_v2	over_abstain	over_abstain	
FX-J10	B1_v2	over_abstain	over_abstain	
FX-J11	B1_v2	over_abstain	over_abstain	
FX-J12	B1_v2	correct	correct	
FX-J13	B1_v2	over_abstain	over_abstain	
FX-J14	B1_v2	correct	correct	
FX-J15	B1_v2	correct	over_abstain	CHANGED
FX-J16	B1_v2	correct	correct	
FX-J17	B1_v2	correct	correct	
FX-J18	B1_v2	correct	correct	
FX-J19	B1_v2	correct	correct	
FX-J20	B1_v2	correct	correct	
FX-J21	B1_v2	correct	correct	
FX-J22	B1_v2	correct	correct	
FX-J23	B1_v2	correct	over_abstain	CHANGED
FX-J24	B1_v2	over_abstain	over_abstain	
FX-J25	B1_v2	over_abstain	over_abstain	
FX-J26	B1_v2	correct	correct	
FX-J27	B1_v2	correct	correct	
FX-J28	B1_v2	correct	correct	
FX-J29	B1_v2	correct	correct	
FX-J30	B1_v2	correct	correct	
FX-J31	B1_v2	correct	correct	
FX-J32	B1_v2	over_abstain	over_abstain	
FX-J33	B1_v2	correct	correct	
FX-J34	B1_v2	over_abstain	over_abstain	
FX-J35	B1_v2	over_abstain	over_abstain	
FX-J36	B1_v2	over_abstain	over_abstain	
FX-J37	B1_v2	over_abstain	over_abstain	
FX-J38	B1_v2	over_abstain	over_abstain	
FX-J39	B1_v2	over_abstain	over_abstain	
FX-J40	B1_v2	over_abstain	over_abstain	
FX-E01	B1_v2	over_abstain	over_abstain	
FX-E02	B1_v2	correct	correct	
FX-E03	B1_v2	correct	correct	
FX-E04	B1_v2	correct	correct	
FX-E05	B1_v2	correct	correct	
FX-E06	B1_v2	correct	correct	
FX-E07	B1_v2	correct	correct	
FX-E08	B1_v2	correct	correct	
FX-E09	B1_v2	correct	correct	
FX-E10	B1_v2	correct	correct	
FX-E11	B1_v2	correct	correct	
FX-E12	B1_v2	correct	correct	
FX-U01	B1_v2	correct_abstain	correct_abstain	
FX-U02	B1_v2	correct_abstain	correct_abstain	
FX-U03	B1_v2	correct_abstain	correct_abstain	
FX-U04	B1_v2	correct_abstain	correct_abstain	
FX-U05	B1_v2	correct_abstain	correct_abstain	
FX-U06	B1_v2	correct_abstain	correct_abstain	
FX-U07	B1_v2	correct_abstain	correct_abstain	
FX-U08	B1_v2	correct_abstain	correct_abstain	
FX-U09	B1_v2	correct_abstain	correct_abstain	
FX-U10	B1_v2	correct_abstain	correct_abstain	
FX-U11	B1_v2	correct_abstain	correct_abstain	
FX-U12	B1_v2	correct_abstain	correct_abstain	
FX-U13	B1_v2	correct_abstain	correct_abstain	
FX2-J01	B1_v2_r2	over_abstain	over_abstain	
FX2-J02	B1_v2_r2	over_abstain	over_abstain	
FX2-J03	B1_v2_r2	over_abstain	over_abstain	
FX2-J04	B1_v2_r2	correct	correct	
FX2-J05	B1_v2_r2	correct	correct	
FX2-J06	B1_v2_r2	correct	correct	
FX2-J07	B1_v2_r2	correct	correct	
FX2-J08	B1_v2_r2	over_abstain	over_abstain	
FX2-J09	B1_v2_r2	over_abstain	over_abstain	
FX2-J10	B1_v2_r2	over_abstain	over_abstain	
FX2-J11	B1_v2_r2	over_abstain	over_abstain	
FX2-J12	B1_v2_r2	over_abstain	over_abstain	
FX2-J13	B1_v2_r2	over_abstain	over_abstain	
FX2-J14	B1_v2_r2	correct	correct	
FX2-J15	B1_v2_r2	over_abstain	over_abstain	
FX2-J16	B1_v2_r2	correct	correct	
FX2-J17	B1_v2_r2	correct	correct	
FX2-J18	B1_v2_r2	over_abstain	over_abstain	
FX2-J19	B1_v2_r2	correct	correct	
FX2-J20	B1_v2_r2	correct	correct	
FX2-E01	B1_v2_r2	over_abstain	over_abstain	
FX2-E02	B1_v2_r2	over_abstain	over_abstain	
FX2-E03	B1_v2_r2	over_abstain	over_abstain	
FX2-E04	B1_v2_r2	over_abstain	over_abstain	
FX2-E05	B1_v2_r2	over_abstain	over_abstain	
FX2-E06	B1_v2_r2	correct	correct	
FX2-E07	B1_v2_r2	over_abstain	over_abstain	
FX2-E08	B1_v2_r2	correct	correct	
FX2-U01	B1_v2_r2	correct_abstain	correct_abstain	
FX2-U02	B1_v2_r2	correct_abstain	correct_abstain	
FX2-U03	B1_v2_r2	correct_abstain	correct_abstain	
FX2-U04	B1_v2_r2	correct_abstain	correct_abstain	
FX2-U05	B1_v2_r2	correct_abstain	correct_abstain	
FX2-U06	B1_v2_r2	correct_abstain	correct_abstain	
FX2-U07	B1_v2_r2	correct_abstain	correct_abstain	
FX2-U08	B1_v2_r2	correct_abstain	correct_abstain	
FX3-J01	B1_v2_r3	correct	correct	
FX3-J02	B1_v2_r3	correct	correct	
FX3-J03	B1_v2_r3	over_abstain	over_abstain	
FX3-J04	B1_v2_r3	over_abstain	over_abstain	
FX3-J05	B1_v2_r3	over_abstain	over_abstain	
FX3-J06	B1_v2_r3	over_abstain	over_abstain	
FX3-J07	B1_v2_r3	correct	correct	
FX3-J08	B1_v2_r3	over_abstain	over_abstain	
FX3-J09	B1_v2_r3	over_abstain	over_abstain	
FX3-J10	B1_v2_r3	over_abstain	over_abstain	
FX3-J11	B1_v2_r3	over_abstain	over_abstain	
FX3-E01	B1_v2_r3	over_abstain	over_abstain	
FX3-E02	B1_v2_r3	over_abstain	over_abstain	
FX3-E03	B1_v2_r3	correct	correct	
FX3-E04	B1_v2_r3	over_abstain	over_abstain	
FX3-E05	B1_v2_r3	over_abstain	over_abstain	
FX3-E06	B1_v2_r3	over_abstain	over_abstain	
# totals {'same': 116, 'changed': 2}
