id	kind	noun	verdict	values	text	flag
agent-父	role	父	ANSWER	["父"]	agent: 父	
recipient-父	role	父	ANSWER	["父"]	recipient: 父	
patient-父	role	父	ANSWER	["父"]	patient: 父	
agent-母	role	母	ANSWER	["母"]	agent: 母	
recipient-母	role	母	ANSWER	["母"]	recipient: 母	
patient-母	role	母	ANSWER	["母"]	patient: 母	
agent-祖父	role	祖父	ANSWER	["祖父"]	agent: 祖父	
recipient-祖父	role	祖父	ANSWER	["祖父"]	recipient: 祖父	
patient-祖父	role	祖父	ANSWER	["祖父"]	patient: 祖父	
agent-祖母	role	祖母	ANSWER	["祖母"]	agent: 祖母	
recipient-祖母	role	祖母	ANSWER	["祖母"]	recipient: 祖母	
patient-祖母	role	祖母	ANSWER	["祖母"]	patient: 祖母	
agent-叔父	role	叔父	ANSWER	["叔父"]	agent: 叔父	
recipient-叔父	role	叔父	ANSWER	["叔父"]	recipient: 叔父	
patient-叔父	role	叔父	ANSWER	["叔父"]	patient: 叔父	
agent-叔母	role	叔母	ANSWER	["叔母"]	agent: 叔母	
recipient-叔母	role	叔母	ANSWER	["叔母"]	recipient: 叔母	
patient-叔母	role	叔母	ANSWER	["叔母"]	patient: 叔母	
agent-伯父	role	伯父	ANSWER	["伯父"]	agent: 伯父	
recipient-伯父	role	伯父	ANSWER	["伯父"]	recipient: 伯父	
patient-伯父	role	伯父	ANSWER	["伯父"]	patient: 伯父	
agent-伯母	role	伯母	ANSWER	["伯母"]	agent: 伯母	
recipient-伯母	role	伯母	ANSWER	["伯母"]	recipient: 伯母	
patient-伯母	role	伯母	ANSWER	["伯母"]	patient: 伯母	
agent-兄	role	兄	ANSWER	["兄"]	agent: 兄	
recipient-兄	role	兄	ANSWER	["兄"]	recipient: 兄	
patient-兄	role	兄	ANSWER	["兄"]	patient: 兄	
agent-姉	role	姉	ANSWER	["姉"]	agent: 姉	
recipient-姉	role	姉	ANSWER	["姉"]	recipient: 姉	
patient-姉	role	姉	ANSWER	["姉"]	patient: 姉	
agent-弟	role	弟	ANSWER	["弟"]	agent: 弟	
recipient-弟	role	弟	ANSWER	["弟"]	recipient: 弟	
patient-弟	role	弟	ANSWER	["弟"]	patient: 弟	
agent-妹	role	妹	ANSWER	["妹"]	agent: 妹	
recipient-妹	role	妹	ANSWER	["妹"]	recipient: 妹	
patient-妹	role	妹	ANSWER	["妹"]	patient: 妹	
agent-息子	role	息子	ANSWER	["息子"]	agent: 息子	
recipient-息子	role	息子	ANSWER	["息子"]	recipient: 息子	
patient-息子	role	息子	ANSWER	["息子"]	patient: 息子	
agent-娘	role	娘	ANSWER	["娘"]	agent: 娘	
recipient-娘	role	娘	ANSWER	["娘"]	recipient: 娘	
patient-娘	role	娘	ANSWER	["娘"]	patient: 娘	
agent-夫	role	夫	ANSWER	["夫"]	agent: 夫	
recipient-夫	role	夫	ANSWER	["夫"]	recipient: 夫	
patient-夫	role	夫	ANSWER	["夫"]	patient: 夫	
agent-妻	role	妻	ANSWER	["妻"]	agent: 妻	
recipient-妻	role	妻	ANSWER	["妻"]	recipient: 妻	
patient-妻	role	妻	ANSWER	["妻"]	patient: 妻	
agent-孫	role	孫	ANSWER	["孫"]	agent: 孫	
recipient-孫	role	孫	ANSWER	["孫"]	recipient: 孫	
patient-孫	role	孫	ANSWER	["孫"]	patient: 孫	
agent-友人	role	友人	ANSWER	["友人"]	agent: 友人	
recipient-友人	role	友人	ANSWER	["友人"]	recipient: 友人	
patient-友人	role	友人	ANSWER	["友人"]	patient: 友人	
agent-同僚	role	同僚	ANSWER	["同僚"]	agent: 同僚	
recipient-同僚	role	同僚	ANSWER	["同僚"]	recipient: 同僚	
patient-同僚	role	同僚	ANSWER	["同僚"]	patient: 同僚	
agent-上司	role	上司	ANSWER	["上司"]	agent: 上司	
recipient-上司	role	上司	ANSWER	["上司"]	recipient: 上司	
patient-上司	role	上司	ANSWER	["上司"]	patient: 上司	
agent-部下	role	部下	ANSWER	["部下"]	agent: 部下	
recipient-部下	role	部下	ANSWER	["部下"]	recipient: 部下	
patient-部下	role	部下	ANSWER	["部下"]	patient: 部下	
agent-先輩	role	先輩	ANSWER	["先輩"]	agent: 先輩	
recipient-先輩	role	先輩	ANSWER	["先輩"]	recipient: 先輩	
patient-先輩	role	先輩	ANSWER	["先輩"]	patient: 先輩	
agent-後輩	role	後輩	ANSWER	["後輩"]	agent: 後輩	
recipient-後輩	role	後輩	ANSWER	["後輩"]	recipient: 後輩	
patient-後輩	role	後輩	ANSWER	["後輩"]	patient: 後輩	
agent-店主	role	店主	ANSWER	["店主"]	agent: 店主	
recipient-店主	role	店主	ANSWER	["店主"]	recipient: 店主	
patient-店主	role	店主	ANSWER	["店主"]	patient: 店主	
agent-教師	role	教師	ANSWER	["教師"]	agent: 教師	
recipient-教師	role	教師	ANSWER	["教師"]	recipient: 教師	
patient-教師	role	教師	ANSWER	["教師"]	patient: 教師	
polar-叔父-叔母	polar	叔父	UNKNOWN_NO_EVIDENCE	[]	この要求を裏づける導出を確認できません。	
polar-叔母-叔父	polar	叔母	UNKNOWN_NO_EVIDENCE	[]	この要求を裏づける導出を確認できません。	
polar-祖父-祖母	polar	祖父	UNKNOWN_NO_EVIDENCE	[]	この要求を裏づける導出を確認できません。	
polar-祖母-祖父	polar	祖母	UNKNOWN_NO_EVIDENCE	[]	この要求を裏づける導出を確認できません。	
polar-伯父-伯母	polar	伯父	UNKNOWN_NO_EVIDENCE	[]	この要求を裏づける導出を確認できません。	
polar-伯母-伯父	polar	伯母	UNKNOWN_NO_EVIDENCE	[]	この要求を裏づける導出を確認できません。	
