case	mark	reason	problem_types
a16	TESTIMONY	LEDGER_UNVERIFIED	BAD_SHAPE,PREV_MISMATCH
a16v_prev_empty	TESTIMONY	LEDGER_UNVERIFIED	PREV_MISMATCH
a16v_actor_str	TESTIMONY	LEDGER_UNVERIFIED	BAD_SHAPE,PREV_MISMATCH
a16v_kind_note	TESTIMONY	LEDGER_UNVERIFIED	BAD_SHAPE,PREV_MISMATCH
a16v_extra_key	TESTIMONY	LEDGER_UNVERIFIED	BAD_SHAPE,PREV_MISMATCH,SHA_MISMATCH
replace	TESTIMONY	LEDGER_UNVERIFIED	HEAD_MISMATCH
delete	TESTIMONY	LEDGER_UNVERIFIED	HEAD_MISMATCH
reorder	TESTIMONY	LEDGER_UNVERIFIED	HEAD_MISMATCH
truncate	TESTIMONY	LEDGER_UNVERIFIED	HEAD_MISMATCH
truncate+head(pinned)	TESTIMONY	LEDGER_UNVERIFIED	EXPECTED_HEAD_MISMATCH
replace+head(pinned)	TESTIMONY	LEDGER_UNVERIFIED	EXPECTED_HEAD_MISMATCH
replace+head(not pinned, known limit)	RECORD	MATCH	
naive	TESTIMONY	LEDGER_UNVERIFIED	SHA_MISMATCH
no_head	TESTIMONY	LEDGER_UNVERIFIED	HEAD_MISSING
name(ev.jsonl)	TESTIMONY	LEDGER_UNVERIFIED	LEDGER_PATH_NOT_T7
dir	RECORD	MATCH	
good_exit3	RECORD	MATCH	
good_exit0_mismatch	MISMATCH	EXIT_CODE_DIFFERS	
good_other_cmd	TESTIMONY	NO_EVENT	
