id	class	reason	class_approx	fail_rules	unjudged_rules	surface_approx
ja_para-01	unscorable	JUDGE_UNAVAILABLE	correct	-	must_express:NEEDS_READER	must_express=PASS
ja_para-02	unscorable	JUDGE_UNAVAILABLE	correct	-	must_express:NEEDS_READER	must_express=PASS
ja_para-03	unscorable	JUDGE_UNAVAILABLE	correct	-	must_express:NEEDS_READER	must_express=PASS
ja_para-04	unscorable	JUDGE_UNAVAILABLE	correct	-	must_express:NEEDS_READER	must_express=PASS
ja_para-05	unscorable	JUDGE_UNAVAILABLE	correct	-	must_express:NEEDS_READER	must_express=PASS
ja_para-06	unscorable	JUDGE_UNAVAILABLE	correct	-	must_express:NEEDS_READER	must_express=PASS
ja_para-07	unscorable	JUDGE_UNAVAILABLE	correct	-	must_express:NEEDS_READER	must_express=PASS
ja_para-08	unscorable	JUDGE_UNAVAILABLE	correct	-	must_express:NEEDS_READER	must_express=PASS
ja_para-09	unscorable	JUDGE_UNAVAILABLE	correct	-	must_express:NEEDS_READER	must_express=PASS
ja_para-10	unscorable	JUDGE_UNAVAILABLE	correct	-	must_express:NEEDS_READER	must_express=PASS
ja_summ-06	unscorable	JUDGE_UNAVAILABLE	correct	-	new_content_words:NEEDS_READER	new_content_words=PASS
ja_summ-09	unscorable	JUDGE_UNAVAILABLE	correct	-	new_content_words:NEEDS_READER	new_content_words=PASS
ja_link-01	unscorable	JUDGE_UNAVAILABLE	correct	-	must_relate:NEEDS_READER	must_relate=PASS
ja_link-04	unscorable	JUDGE_UNAVAILABLE	correct	-	must_relate:NEEDS_READER	must_relate=PASS
ja_link-05	unscorable	JUDGE_UNAVAILABLE	correct	-	must_not_relate:NEEDS_READER,must_relate:NEEDS_READER	must_not_relate=PASS,must_relate=PASS
ja_link-06	unscorable	JUDGE_UNAVAILABLE	correct	-	must_not_relate:NEEDS_READER,must_relate:NEEDS_READER	must_not_relate=PASS,must_relate=PASS
ja_link-07	unscorable	JUDGE_UNAVAILABLE	correct	-	must_not_relate:NEEDS_READER,must_relate:NEEDS_READER	must_not_relate=PASS,must_relate=PASS
ja_link-11	unscorable	JUDGE_UNAVAILABLE	correct	-	must_express:NEEDS_READER,must_not_relate:NEEDS_READER	must_express=PASS,must_not_relate=PASS
ja_link-12	unscorable	JUDGE_UNAVAILABLE	correct	-	must_express:NEEDS_READER,must_not_relate:NEEDS_READER	must_express=PASS,must_not_relate=PASS
ja_link-13	unscorable	JUDGE_UNAVAILABLE	correct	-	must_not_relate:NEEDS_READER,must_relate:NEEDS_READER	must_not_relate=PASS,must_relate=PASS
ja_create-01	unscorable	JUDGE_UNAVAILABLE	correct	-	must_express:NEEDS_READER,new_content_words:NEEDS_READER	must_express=PASS,new_content_words=PASS
ja_create-02	unscorable	JUDGE_UNAVAILABLE	correct	-	must_express:NEEDS_READER,new_content_words:NEEDS_READER	must_express=PASS,new_content_words=PASS
ja_create-03	unscorable	JUDGE_UNAVAILABLE	correct	-	must_express:NEEDS_READER,new_content_words:NEEDS_READER	must_express=PASS,new_content_words=PASS
ja_create-04	unscorable	JUDGE_UNAVAILABLE	correct	-	must_express:NEEDS_READER,new_content_words:NEEDS_READER	must_express=PASS,new_content_words=PASS
ja_create-05	unscorable	JUDGE_UNAVAILABLE	correct	-	must_express:NEEDS_READER,new_content_words:NEEDS_READER	must_express=PASS,new_content_words=PASS
ja_create-06	unscorable	JUDGE_UNAVAILABLE	correct	-	must_express:NEEDS_READER,new_content_words:NEEDS_READER	must_express=PASS,new_content_words=PASS
ja_create-07	unscorable	JUDGE_UNAVAILABLE	correct	-	must_express:NEEDS_READER,new_content_words:NEEDS_READER	must_express=PASS,new_content_words=PASS
ja_create-08	unscorable	JUDGE_UNAVAILABLE	correct	-	must_express:NEEDS_READER,new_content_words:NEEDS_READER	must_express=PASS,new_content_words=PASS
ja_create-09	unscorable	JUDGE_UNAVAILABLE	correct	-	must_express:NEEDS_READER,new_content_words:NEEDS_READER	must_express=PASS,new_content_words=PASS
ja_create-10	unscorable	JUDGE_UNAVAILABLE	correct	-	must_express:NEEDS_READER,new_content_words:NEEDS_READER	must_express=PASS,new_content_words=PASS
ja_form-01	unscorable	JUDGE_UNAVAILABLE	correct	-	new_content_words:NEEDS_READER	new_content_words=PASS
ja_form-04	unscorable	JUDGE_UNAVAILABLE	correct	-	new_content_words:NEEDS_READER	new_content_words=PASS
ja_form-05	unscorable	JUDGE_UNAVAILABLE	correct	-	new_content_words:NEEDS_READER	new_content_words=PASS
ja_form-06	unscorable	JUDGE_UNAVAILABLE	correct	-	new_content_words:NEEDS_READER	new_content_words=PASS
ja_refuse-02	unscorable	JUDGE_UNAVAILABLE	correct	-	new_content_words:NEEDS_READER	new_content_words=PASS
ja_refuse-07	unscorable	JUDGE_UNAVAILABLE	correct	-	must_express:NEEDS_READER,new_content_words:NEEDS_READER	must_express=PASS,new_content_words=PASS
out_b-03	unscorable	JUDGE_UNAVAILABLE	correct	-	new_content_words:NEEDS_READER	new_content_words=PASS
out_b-04	unscorable	JUDGE_UNAVAILABLE	correct	-	new_content_words:NEEDS_READER	new_content_words=PASS
out_b-05	unscorable	JUDGE_UNAVAILABLE	correct	-	new_content_words:NEEDS_READER	new_content_words=PASS
out_b-06	unscorable	JUDGE_UNAVAILABLE	correct	-	new_content_words:NEEDS_READER	new_content_words=PASS
out_b-10	unscorable	JUDGE_UNAVAILABLE	correct	-	new_content_words:NEEDS_READER	new_content_words=PASS
out_b-12	unscorable	JUDGE_UNAVAILABLE	correct	-	new_content_words:NEEDS_READER	new_content_words=PASS
out_b-13	unscorable	JUDGE_UNAVAILABLE	correct	-	new_content_words:NEEDS_READER	new_content_words=PASS
out_b-14	unscorable	JUDGE_UNAVAILABLE	correct	-	new_content_words:NEEDS_READER	new_content_words=PASS
out_b-15	unscorable	JUDGE_UNAVAILABLE	correct	-	new_content_words:NEEDS_READER	new_content_words=PASS
en_core-01	unscorable	JUDGE_UNAVAILABLE	correct	-	must_express:NEEDS_READER	must_express=PASS
en_core-02	unscorable	JUDGE_UNAVAILABLE	correct	-	must_express:NEEDS_READER	must_express=PASS
en_core-03	unscorable	JUDGE_UNAVAILABLE	correct	-	must_express:NEEDS_READER	must_express=PASS
en_core-08	unscorable	JUDGE_UNAVAILABLE	correct	-	must_not_relate:NEEDS_READER,must_relate:NEEDS_READER	must_not_relate=PASS,must_relate=PASS
en_core-09	unscorable	JUDGE_UNAVAILABLE	correct	-	must_not_relate:NEEDS_READER	must_not_relate=PASS
en_core-10	unscorable	JUDGE_UNAVAILABLE	correct	-	must_not_relate:NEEDS_READER,must_relate:NEEDS_READER	must_not_relate=PASS,must_relate=PASS
en_create-01	unscorable	JUDGE_UNAVAILABLE	correct	-	must_express:NEEDS_READER,new_content_words:NEEDS_READER,order:LEMMA_NOT_FOUND	must_express=PASS,new_content_words=PASS,order=PASS
en_create-04	unscorable	JUDGE_UNAVAILABLE	correct	-	must_express:NEEDS_READER,new_content_words:NEEDS_READER	must_express=PASS,new_content_words=PASS
en_create-05	unscorable	JUDGE_UNAVAILABLE	correct	-	new_content_words:NEEDS_READER	new_content_words=PASS
en_create-07	unscorable	JUDGE_UNAVAILABLE	correct	-	must_express:NEEDS_READER,new_content_words:NEEDS_READER	must_express=PASS,new_content_words=PASS
en_create-09	unscorable	JUDGE_UNAVAILABLE	correct	-	new_content_words:NEEDS_READER	new_content_words=PASS
en_create-10	unscorable	JUDGE_UNAVAILABLE	correct	-	must_express:NEEDS_READER	must_express=PASS
en_create-11	unscorable	JUDGE_UNAVAILABLE	correct	-	must_express:NEEDS_READER,new_content_words:NEEDS_READER	must_express=PASS,new_content_words=PASS
en_create-12	unscorable	JUDGE_UNAVAILABLE	correct	-	new_content_words:NEEDS_READER	new_content_words=PASS
