兄が校庭で遊んだ。	w3b2_frame.jsonl	CORRECT	b1.judge on new_data: correct	[{"predicate": "遊ぶ", "roles": {"agent": "兄", "place": "校庭"}, "polarity": "+", "tense": "past", "modality": null, "voice": "active", "predicate_basis": "placement_direct:P_ACT", "role_basis": {"agent": "placement_direct:PERSON", "place": "placement_direct:PLACE"}}]
弟が神社で遊んだ。	w3b2_frame.jsonl	CORRECT	b1.judge on new_data: correct	[{"predicate": "遊ぶ", "roles": {"agent": "弟", "place": "神社"}, "polarity": "+", "tense": "past", "modality": null, "voice": "active", "predicate_basis": "placement_direct:P_ACT", "role_basis": {"agent": "placement_direct:PERSON", "place": "placement_direct:PLACE"}}]
母がホテルで働いた。	w3b2_frame.jsonl	CORRECT	b1.judge on new_data: correct	[{"predicate": "働く", "roles": {"agent": "母", "place": "ホテル"}, "polarity": "+", "tense": "past", "modality": null, "voice": "active", "predicate_basis": "placement_direct:P_ACT", "role_basis": {"agent": "placement_direct:PERSON", "place": "placement_direct:PLACE"}}]
父がアパートで働いた。	w3b2_frame.jsonl	CORRECT	b1.judge on new_data: correct	[{"predicate": "働く", "roles": {"agent": "父", "place": "アパート"}, "polarity": "+", "tense": "past", "modality": null, "voice": "active", "predicate_basis": "placement_direct:P_ACT", "role_basis": {"agent": "placement_direct:PERSON", "place": "placement_direct:PLACE"}}]
妹が校庭で泣いた。	w3b2_frame.jsonl	CORRECT	b1.judge on new_data: correct	[{"predicate": "泣く", "roles": {"agent": "妹", "place": "校庭"}, "polarity": "+", "tense": "past", "modality": null, "voice": "active", "predicate_basis": "placement_direct:P_EMOTION", "role_basis": {"agent": "placement_direct:PERSON", "place": "placement_direct:PLACE"}}]
弟が神社で笑った。	w3b2_frame.jsonl	CORRECT	b1.judge on new_data: correct	[{"predicate": "笑う", "roles": {"agent": "弟", "place": "神社"}, "polarity": "+", "tense": "past", "modality": null, "voice": "active", "predicate_basis": "placement_direct:P_EMOTION", "role_basis": {"agent": "placement_direct:PERSON", "place": "placement_direct:PLACE"}}]
兄が校庭で絵を描いた。	w3b2_frame.jsonl	CORRECT	b1.judge on new_data: correct	[{"predicate": "描く", "roles": {"agent": "兄", "patient": "絵", "place": "校庭"}, "polarity": "+", "tense": "past", "modality": null, "voice": "active", "predicate_basis": "placement_direct:P_CREATE", "role_basis": {"agent": "placement_direct:PERSON", "patient": "placement_direct:WORK", "place": "placement_direct:PLACE"}}]
姉が神社で手紙を書いた。	w3b2_frame.jsonl	CORRECT	b1.judge on new_data: correct	[{"predicate": "書く", "roles": {"agent": "姉", "patient": "手紙", "place": "神社"}, "polarity": "+", "tense": "past", "modality": null, "voice": "active", "predicate_basis": "placement_direct:P_CREATE", "role_basis": {"agent": "placement_direct:PERSON", "patient": "placement_all_candidates:ABSTRACT+IDENTIFIER+INFO_LANGUAGE+WORK", "place": "placement_direct:PLACE"}}]
家族が校庭で遊んだ。	w3b2_multiple.jsonl	CORRECT	b1.judge on new_data: correct	[{"predicate": "遊ぶ", "roles": {"agent": "家族", "place": "校庭"}, "polarity": "+", "tense": "past", "modality": null, "voice": "active", "predicate_basis": "placement_direct:P_ACT", "role_basis": {"agent": "placement_all_candidates:GROUP_ORG+PERSON", "place": "placement_direct:PLACE"}}]
警察が神社で働いた。	w3b2_multiple.jsonl	CORRECT	b1.judge on new_data: correct	[{"predicate": "働く", "roles": {"agent": "警察", "place": "神社"}, "polarity": "+", "tense": "past", "modality": null, "voice": "active", "predicate_basis": "placement_direct:P_ACT", "role_basis": {"agent": "placement_all_candidates:GROUP_ORG+PERSON", "place": "placement_direct:PLACE"}}]
弟が森林で遊んだ。	ja_r10_w3b4.jsonl	CORRECT	b1.judge on new_data: correct	[{"predicate": "遊ぶ", "roles": {"agent": "弟", "place": "森林"}, "polarity": "+", "tense": "past", "modality": null, "voice": "active", "predicate_basis": "placement_direct:P_ACT", "role_basis": {"agent": "placement_direct:PERSON", "place": "placement_direct:PLACE"}}]
犬が道路で遊んだ。	ja_r10_w3b4.jsonl	CORRECT	b1.judge on new_data: correct	[{"predicate": "遊ぶ", "roles": {"agent": "犬", "place": "道路"}, "polarity": "+", "tense": "past", "modality": null, "voice": "active", "predicate_basis": "placement_direct:P_ACT", "role_basis": {"agent": "placement_direct:ANIMAL", "place": "placement_direct:PLACE"}}]
花子が校庭で遊んだ。	ja_r10_w3b4.jsonl	CORRECT	b1.judge on new_data: correct	[{"predicate": "遊ぶ", "roles": {"agent": "花子", "place": "校庭"}, "polarity": "+", "tense": "past", "modality": null, "voice": "active", "predicate_basis": "placement_direct:P_ACT", "role_basis": {"agent": "placement_all_candidates:ANIMAL+PERSON", "place": "placement_direct:PLACE"}}]
姉が歩道で働いた。	ja_r10_w3b4.jsonl	CORRECT	b1.judge on new_data: correct	[{"predicate": "働く", "roles": {"agent": "姉", "place": "歩道"}, "polarity": "+", "tense": "past", "modality": null, "voice": "active", "predicate_basis": "placement_direct:P_ACT", "role_basis": {"agent": "placement_direct:PERSON", "place": "placement_direct:PLACE"}}]
先生が校庭で働かなかった。	ja_r10_w3b4.jsonl	CORRECT	b1.judge on new_data: correct	[{"predicate": "働く", "roles": {"agent": "先生", "place": "校庭"}, "polarity": "-", "tense": "past", "modality": null, "voice": "active", "predicate_basis": "placement_direct:P_ACT", "role_basis": {"agent": "placement_direct:PERSON", "place": "placement_direct:PLACE"}}]
兵士が国道で戦った。	ja_r10_w3b4.jsonl	CORRECT	b1.judge on new_data: correct	[{"predicate": "戦う", "roles": {"agent": "兵士", "place": "国道"}, "polarity": "+", "tense": "past", "modality": null, "voice": "active", "predicate_basis": "placement_direct:P_ACT", "role_basis": {"agent": "placement_direct:PERSON", "place": "placement_direct:PLACE"}}]
軍が山林で戦う。	ja_r10_w3b4.jsonl	CORRECT	b1.judge on new_data: correct	[{"predicate": "戦う", "roles": {"agent": "軍", "place": "山林"}, "polarity": "+", "tense": "nonpast", "modality": null, "voice": "active", "predicate_basis": "placement_direct:P_ACT", "role_basis": {"agent": "placement_direct:GROUP_ORG", "place": "placement_direct:PLACE"}}]
選手が土俵で戦った。	ja_r10_w3b4.jsonl	CORRECT	b1.judge on new_data: correct	[{"predicate": "戦う", "roles": {"agent": "選手", "place": "土俵"}, "polarity": "+", "tense": "past", "modality": null, "voice": "active", "predicate_basis": "placement_direct:P_ACT", "role_basis": {"agent": "placement_direct:PERSON", "place": "placement_direct:PLACE"}}]
母が校庭で生徒を守った。	ja_r10_w3b4.jsonl	CORRECT	b1.judge on new_data: correct	[{"predicate": "守る", "roles": {"agent": "母", "patient": "生徒", "place": "校庭"}, "polarity": "+", "tense": "past", "modality": null, "voice": "active", "predicate_basis": "placement_direct:P_ACT", "role_basis": {"agent": "placement_direct:PERSON", "patient": "placement_direct:PERSON", "place": "placement_direct:PLACE"}}]
警官が交差点で市民を守る。	ja_r10_w3b4.jsonl	CORRECT	b1.judge on new_data: correct	[{"predicate": "守る", "roles": {"agent": "警官", "patient": "市民", "place": "交差点"}, "polarity": "+", "tense": "nonpast", "modality": null, "voice": "active", "predicate_basis": "placement_direct:P_ACT", "role_basis": {"agent": "placement_direct:PERSON", "patient": "placement_direct:PERSON", "place": "placement_direct:PLACE"}}]
兄が道路で荷車を押した。	ja_r10_w3b4.jsonl	CORRECT	b1.judge on new_data: correct	[{"predicate": "押す", "roles": {"agent": "兄", "patient": "荷車", "place": "道路"}, "polarity": "+", "tense": "past", "modality": null, "voice": "active", "predicate_basis": "placement_direct:P_ACT", "role_basis": {"agent": "placement_direct:PERSON", "patient": "placement_direct:ARTIFACT", "place": "placement_direct:PLACE"}}]
父が国道で荷車を引いた。	ja_r10_w3b4.jsonl	CORRECT	b1.judge on new_data: correct	[{"predicate": "引く", "roles": {"agent": "父", "patient": "荷車", "place": "国道"}, "polarity": "+", "tense": "past", "modality": null, "voice": "active", "predicate_basis": "placement_direct:P_ACT", "role_basis": {"agent": "placement_direct:PERSON", "patient": "placement_direct:ARTIFACT", "place": "placement_direct:PLACE"}}]
農家が農道で荷車を引かなかった。	ja_r10_w3b4.jsonl	CORRECT	b1.judge on new_data: correct	[{"predicate": "引く", "roles": {"agent": "農家", "patient": "荷車", "place": "農道"}, "polarity": "-", "tense": "past", "modality": null, "voice": "active", "predicate_basis": "placement_direct:P_ACT", "role_basis": {"agent": "placement_direct:PERSON", "patient": "placement_direct:ARTIFACT", "place": "placement_direct:PLACE"}}]
母が川で皿を洗った。	ja_r10_w3b4.jsonl	CORRECT	b1.judge on new_data: correct	[{"predicate": "洗う", "roles": {"agent": "母", "patient": "皿", "place": "川"}, "polarity": "+", "tense": "past", "modality": null, "voice": "active", "predicate_basis": "placement_direct:P_ACT", "role_basis": {"agent": "placement_direct:PERSON", "patient": "placement_direct:ARTIFACT", "place": "placement_direct:PLACE"}}]
祖母が校舎で箱を拭いた。	ja_r10_w3b4.jsonl	CORRECT	b1.judge on new_data: correct	[{"predicate": "拭く", "roles": {"agent": "祖母", "patient": "箱", "place": "校舎"}, "polarity": "+", "tense": "past", "modality": null, "voice": "active", "predicate_basis": "placement_direct:P_ACT", "role_basis": {"agent": "placement_direct:PERSON", "patient": "placement_direct:ARTIFACT", "place": "placement_direct:PLACE"}}]
弟が山頂で木を切った。	ja_r10_w3b4.jsonl	CORRECT	b1.judge on new_data: correct	[{"predicate": "切る", "roles": {"agent": "弟", "patient": "木", "place": "山頂"}, "polarity": "+", "tense": "past", "modality": null, "voice": "active", "predicate_basis": "placement_direct:P_ACT", "role_basis": {"agent": "placement_direct:PERSON", "patient": "placement_direct:PLANT", "place": "placement_direct:PLACE"}}]
兄が校庭で草を取り除いた。	ja_r10_w3b4.jsonl	CORRECT	b1.judge on new_data: correct	[{"predicate": "取り除く", "roles": {"agent": "兄", "patient": "草", "place": "校庭"}, "polarity": "+", "tense": "past", "modality": null, "voice": "active", "predicate_basis": "placement_direct:P_ACT", "role_basis": {"agent": "placement_direct:PERSON", "patient": "placement_direct:PLANT", "place": "placement_direct:PLACE"}}]
母が川で米を洗った。	ja_r10_w3b4.jsonl	CORRECT	b1.judge on new_data: correct	[{"predicate": "洗う", "roles": {"agent": "母", "patient": "米", "place": "川"}, "polarity": "+", "tense": "past", "modality": null, "voice": "active", "predicate_basis": "placement_direct:P_ACT", "role_basis": {"agent": "placement_direct:PERSON", "patient": "placement_all_candidates:ARTIFACT+SUBSTANCE_FOOD", "place": "placement_direct:PLACE"}}]
母が校庭で扉を拭いた。	ja_r10_w3b4.jsonl	CORRECT	b1.judge on new_data: correct	[{"predicate": "拭く", "roles": {"agent": "母", "patient": "扉", "place": "校庭"}, "polarity": "+", "tense": "past", "modality": null, "voice": "active", "predicate_basis": "placement_direct:P_ACT", "role_basis": {"agent": "placement_direct:PERSON", "patient": "placement_all_candidates:ARTIFACT+PLANT", "place": "placement_direct:PLACE"}}]
兄が荷車を畑へ押した。	ja_r10_w3b4.jsonl	CORRECT	b1.judge on new_data: correct	[{"predicate": "押す", "roles": {"agent": "兄", "patient": "荷車", "goal": "畑"}, "polarity": "+", "tense": "past", "modality": null, "voice": "active", "predicate_basis": "placement_direct:P_ACT", "role_basis": {"agent": "placement_direct:PERSON", "patient": "placement_direct:ARTIFACT", "goal": "placement_direct:PLACE"}}]
父が荷車を国道へ引いた。	ja_r10_w3b4.jsonl	CORRECT	b1.judge on new_data: correct	[{"predicate": "引く", "roles": {"agent": "父", "patient": "荷車", "goal": "国道"}, "polarity": "+", "tense": "past", "modality": null, "voice": "active", "predicate_basis": "placement_direct:P_ACT", "role_basis": {"agent": "placement_direct:PERSON", "patient": "placement_direct:ARTIFACT", "goal": "placement_direct:PLACE"}}]
弟が荷車を校舎へ引かなかった。	ja_r10_w3b4.jsonl	CORRECT	b1.judge on new_data: correct	[{"predicate": "引く", "roles": {"agent": "弟", "patient": "荷車", "goal": "校舎"}, "polarity": "-", "tense": "past", "modality": null, "voice": "active", "predicate_basis": "placement_direct:P_ACT", "role_basis": {"agent": "placement_direct:PERSON", "patient": "placement_direct:ARTIFACT", "goal": "placement_direct:PLACE"}}]
農家が荷車を農道へ引く。	ja_r10_w3b4.jsonl	CORRECT	b1.judge on new_data: correct	[{"predicate": "引く", "roles": {"agent": "農家", "patient": "荷車", "goal": "農道"}, "polarity": "+", "tense": "nonpast", "modality": null, "voice": "active", "predicate_basis": "placement_direct:P_ACT", "role_basis": {"agent": "placement_direct:PERSON", "patient": "placement_direct:ARTIFACT", "goal": "placement_direct:PLACE"}}]
父が国道で畑から荷車を引いた。	ja_r10_w3b4.jsonl	CORRECT	b1.judge on new_data: correct	[{"predicate": "引く", "roles": {"agent": "父", "patient": "荷車", "place": "国道", "source": "畑"}, "polarity": "+", "tense": "past", "modality": null, "voice": "active", "predicate_basis": "placement_direct:P_ACT", "role_basis": {"agent": "placement_direct:PERSON", "patient": "placement_direct:ARTIFACT", "place": "placement_direct:PLACE", "source": "placement_direct:PLACE"}}]
兄が町の校庭で遊んだ。	ja_r10_w3b4.jsonl	CORRECT	b1.judge on new_data: correct	[{"predicate": "遊ぶ", "roles": {"agent": "兄", "place": "町の校庭"}, "polarity": "+", "tense": "past", "modality": null, "voice": "active", "predicate_basis": "placement_direct:P_ACT", "role_basis": {"agent": "placement_direct:PERSON", "place": "placement_direct_head:PLACE"}}]
父が校庭で絵を描いた。	ja_r10_w3b4.jsonl	CORRECT	b1.judge on new_data: correct	[{"predicate": "描く", "roles": {"agent": "父", "patient": "絵", "place": "校庭"}, "polarity": "+", "tense": "past", "modality": null, "voice": "active", "predicate_basis": "placement_direct:P_CREATE", "role_basis": {"agent": "placement_direct:PERSON", "patient": "placement_direct:WORK", "place": "placement_direct:PLACE"}}]
姉が森林で絵を描いた。	ja_r10_w3b4.jsonl	CORRECT	b1.judge on new_data: correct	[{"predicate": "描く", "roles": {"agent": "姉", "patient": "絵", "place": "森林"}, "polarity": "+", "tense": "past", "modality": null, "voice": "active", "predicate_basis": "placement_direct:P_CREATE", "role_basis": {"agent": "placement_direct:PERSON", "patient": "placement_direct:WORK", "place": "placement_direct:PLACE"}}]
母が校庭で歌を作った。	ja_r10_w3b4.jsonl	CORRECT	b1.judge on new_data: correct	[{"predicate": "作る", "roles": {"agent": "母", "patient": "歌", "place": "校庭"}, "polarity": "+", "tense": "past", "modality": null, "voice": "active", "predicate_basis": "placement_direct:P_CREATE", "role_basis": {"agent": "placement_direct:PERSON", "patient": "placement_direct:WORK", "place": "placement_direct:PLACE"}}]
兄が国道で規則を作った。	ja_r10_w3b4.jsonl	CORRECT	b1.judge on new_data: correct	[{"predicate": "作る", "roles": {"agent": "兄", "patient": "規則", "place": "国道"}, "polarity": "+", "tense": "past", "modality": null, "voice": "active", "predicate_basis": "placement_direct:P_CREATE", "role_basis": {"agent": "placement_direct:PERSON", "patient": "placement_direct:ABSTRACT", "place": "placement_direct:PLACE"}}]
先生が校舎で約束を作った。	ja_r10_w3b4.jsonl	CORRECT	b1.judge on new_data: correct	[{"predicate": "作る", "roles": {"agent": "先生", "patient": "約束", "place": "校舎"}, "polarity": "+", "tense": "past", "modality": null, "voice": "active", "predicate_basis": "placement_direct:P_CREATE", "role_basis": {"agent": "placement_direct:PERSON", "patient": "placement_direct:EVENT_ACT", "place": "placement_direct:PLACE"}}]
兄が校庭で手紙を書いた。	ja_r10_w3b4.jsonl	CORRECT	b1.judge on new_data: correct	[{"predicate": "書く", "roles": {"agent": "兄", "patient": "手紙", "place": "校庭"}, "polarity": "+", "tense": "past", "modality": null, "voice": "active", "predicate_basis": "placement_direct:P_CREATE", "role_basis": {"agent": "placement_direct:PERSON", "patient": "placement_all_candidates:ABSTRACT+IDENTIFIER+INFO_LANGUAGE+WORK", "place": "placement_direct:PLACE"}}]
弟が校舎で日記を書いた。	ja_r10_w3b4.jsonl	CORRECT	b1.judge on new_data: correct	[{"predicate": "書く", "roles": {"agent": "弟", "patient": "日記", "place": "校舎"}, "polarity": "+", "tense": "past", "modality": null, "voice": "active", "predicate_basis": "placement_direct:P_CREATE", "role_basis": {"agent": "placement_direct:PERSON", "patient": "placement_all_candidates:EVENT_ACT+INFO_LANGUAGE+WORK", "place": "placement_direct:PLACE"}}]
姉が湖で絵本を描いた。	ja_r10_w3b4.jsonl	CORRECT	b1.judge on new_data: correct	[{"predicate": "描く", "roles": {"agent": "姉", "patient": "絵本", "place": "湖"}, "polarity": "+", "tense": "past", "modality": null, "voice": "active", "predicate_basis": "placement_direct:P_CREATE", "role_basis": {"agent": "placement_direct:PERSON", "patient": "placement_all_candidates:ARTIFACT+INFO_LANGUAGE+WORK", "place": "placement_direct:PLACE"}}]
母が校庭で魚を焼いた。	ja_r10_w3b4.jsonl	CORRECT	b1.judge on new_data: correct	[{"predicate": "焼く", "roles": {"agent": "母", "patient": "魚", "place": "校庭"}, "polarity": "+", "tense": "past", "modality": null, "voice": "active", "predicate_basis": "placement_direct:P_CREATE", "role_basis": {"agent": "placement_direct:PERSON", "patient": "placement_direct:ANIMAL", "place": "placement_direct:PLACE"}}]
祖母が校庭で肉を焼かなかった。	ja_r10_w3b4.jsonl	CORRECT	b1.judge on new_data: correct	[{"predicate": "焼く", "roles": {"agent": "祖母", "patient": "肉", "place": "校庭"}, "polarity": "-", "tense": "past", "modality": null, "voice": "active", "predicate_basis": "placement_direct:P_CREATE", "role_basis": {"agent": "placement_direct:PERSON", "patient": "placement_direct:SUBSTANCE_FOOD", "place": "placement_direct:PLACE"}}]
母が川で野菜を煮た。	ja_r10_w3b4.jsonl	CORRECT	b1.judge on new_data: correct	[{"predicate": "煮る", "roles": {"agent": "母", "patient": "野菜", "place": "川"}, "polarity": "+", "tense": "past", "modality": null, "voice": "active", "predicate_basis": "placement_direct:P_CREATE", "role_basis": {"agent": "placement_direct:PERSON", "patient": "placement_direct:SUBSTANCE_FOOD", "place": "placement_direct:PLACE"}}]
父が山頂で豆を煮た。	ja_r10_w3b4.jsonl	CORRECT	b1.judge on new_data: correct	[{"predicate": "煮る", "roles": {"agent": "父", "patient": "豆", "place": "山頂"}, "polarity": "+", "tense": "past", "modality": null, "voice": "active", "predicate_basis": "placement_direct:P_CREATE", "role_basis": {"agent": "placement_direct:PERSON", "patient": "placement_direct:SUBSTANCE_FOOD", "place": "placement_direct:PLACE"}}]
祖父が山林で芋を掘った。	ja_r10_w3b4.jsonl	CORRECT	b1.judge on new_data: correct	[{"predicate": "掘る", "roles": {"agent": "祖父", "patient": "芋", "place": "山林"}, "polarity": "+", "tense": "past", "modality": null, "voice": "active", "predicate_basis": "placement_direct:P_CREATE", "role_basis": {"agent": "placement_direct:PERSON", "patient": "placement_direct:SUBSTANCE_FOOD", "place": "placement_direct:PLACE"}}]
農家が農道で芋を掘る。	ja_r10_w3b4.jsonl	CORRECT	b1.judge on new_data: correct	[{"predicate": "掘る", "roles": {"agent": "農家", "patient": "芋", "place": "農道"}, "polarity": "+", "tense": "nonpast", "modality": null, "voice": "active", "predicate_basis": "placement_direct:P_CREATE", "role_basis": {"agent": "placement_direct:PERSON", "patient": "placement_direct:SUBSTANCE_FOOD", "place": "placement_direct:PLACE"}}]
祖母が校庭で帽子を編んだ。	ja_r10_w3b4.jsonl	CORRECT	b1.judge on new_data: correct	[{"predicate": "編む", "roles": {"agent": "祖母", "patient": "帽子", "place": "校庭"}, "polarity": "+", "tense": "past", "modality": null, "voice": "active", "predicate_basis": "placement_direct:P_CREATE", "role_basis": {"agent": "placement_direct:PERSON", "patient": "placement_direct:ARTIFACT", "place": "placement_direct:PLACE"}}]
母が校舎で服を縫った。	ja_r10_w3b4.jsonl	CORRECT	b1.judge on new_data: correct	[{"predicate": "縫う", "roles": {"agent": "母", "patient": "服", "place": "校舎"}, "polarity": "+", "tense": "past", "modality": null, "voice": "active", "predicate_basis": "placement_direct:P_CREATE", "role_basis": {"agent": "placement_direct:PERSON", "patient": "placement_direct:ARTIFACT", "place": "placement_direct:PLACE"}}]
母が校庭で米を炊いた。	ja_r10_w3b4.jsonl	CORRECT	b1.judge on new_data: correct	[{"predicate": "炊く", "roles": {"agent": "母", "patient": "米", "place": "校庭"}, "polarity": "+", "tense": "past", "modality": null, "voice": "active", "predicate_basis": "placement_direct:P_CREATE", "role_basis": {"agent": "placement_direct:PERSON", "patient": "placement_all_candidates:ARTIFACT+SUBSTANCE_FOOD", "place": "placement_direct:PLACE"}}]
母が国道で卵焼きを作った。	ja_r10_w3b4.jsonl	CORRECT	b1.judge on new_data: correct	[{"predicate": "作る", "roles": {"agent": "母", "patient": "卵焼き", "place": "国道"}, "polarity": "+", "tense": "past", "modality": null, "voice": "active", "predicate_basis": "placement_direct:P_CREATE", "role_basis": {"agent": "placement_direct:PERSON", "patient": "placement_direct:SUBSTANCE_FOOD", "place": "placement_direct:PLACE"}}]
母が校庭で餅を作らなかった。	ja_r10_w3b4.jsonl	CORRECT	b1.judge on new_data: correct	[{"predicate": "作る", "roles": {"agent": "母", "patient": "餅", "place": "校庭"}, "polarity": "-", "tense": "past", "modality": null, "voice": "active", "predicate_basis": "placement_direct:P_CREATE", "role_basis": {"agent": "placement_direct:PERSON", "patient": "placement_direct:SUBSTANCE_FOOD", "place": "placement_direct:PLACE"}}]
兄が校庭でスープを作った。	ja_r10_w3b4.jsonl	CORRECT	b1.judge on new_data: correct	[{"predicate": "作る", "roles": {"agent": "兄", "patient": "スープ", "place": "校庭"}, "polarity": "+", "tense": "past", "modality": null, "voice": "active", "predicate_basis": "placement_direct:P_CREATE", "role_basis": {"agent": "placement_direct:PERSON", "patient": "placement_direct:SUBSTANCE_FOOD", "place": "placement_direct:PLACE"}}]
先生が校庭で絵を描かなかった。	ja_r10_w3b4.jsonl	CORRECT	b1.judge on new_data: correct	[{"predicate": "描く", "roles": {"agent": "先生", "patient": "絵", "place": "校庭"}, "polarity": "-", "tense": "past", "modality": null, "voice": "active", "predicate_basis": "placement_direct:P_CREATE", "role_basis": {"agent": "placement_direct:PERSON", "patient": "placement_direct:WORK", "place": "placement_direct:PLACE"}}]
弟が遊歩道で歌を書いた。	ja_r10_w3b4.jsonl	CORRECT	b1.judge on new_data: correct	[{"predicate": "書く", "roles": {"agent": "弟", "patient": "歌", "place": "遊歩道"}, "polarity": "+", "tense": "past", "modality": null, "voice": "active", "predicate_basis": "placement_direct:P_CREATE", "role_basis": {"agent": "placement_direct:PERSON", "patient": "placement_direct:WORK", "place": "placement_direct:PLACE"}}]
祖母が神社で餅を焼いた。	ja_r10_w3b4.jsonl	CORRECT	b1.judge on new_data: correct	[{"predicate": "焼く", "roles": {"agent": "祖母", "patient": "餅", "place": "神社"}, "polarity": "+", "tense": "past", "modality": null, "voice": "active", "predicate_basis": "placement_direct:P_CREATE", "role_basis": {"agent": "placement_direct:PERSON", "patient": "placement_direct:SUBSTANCE_FOOD", "place": "placement_direct:PLACE"}}]
父が教会で絵を描いた。	ja_r10_w3b4.jsonl	CORRECT	b1.judge on new_data: correct	[{"predicate": "描く", "roles": {"agent": "父", "patient": "絵", "place": "教会"}, "polarity": "+", "tense": "past", "modality": null, "voice": "active", "predicate_basis": "placement_direct:P_CREATE", "role_basis": {"agent": "placement_direct:PERSON", "patient": "placement_direct:WORK", "place": "placement_direct:PLACE"}}]
花子が校庭で絵を描いた。	ja_r10_w3b4.jsonl	CORRECT	b1.judge on new_data: correct	[{"predicate": "描く", "roles": {"agent": "花子", "patient": "絵", "place": "校庭"}, "polarity": "+", "tense": "past", "modality": null, "voice": "active", "predicate_basis": "placement_direct:P_CREATE", "role_basis": {"agent": "placement_all_candidates:ANIMAL+PERSON", "patient": "placement_direct:WORK", "place": "placement_direct:PLACE"}}]
警察が交差点で規則を作った。	ja_r10_w3b4.jsonl	CORRECT	b1.judge on new_data: correct	[{"predicate": "作る", "roles": {"agent": "警察", "patient": "規則", "place": "交差点"}, "polarity": "+", "tense": "past", "modality": null, "voice": "active", "predicate_basis": "placement_direct:P_CREATE", "role_basis": {"agent": "placement_all_candidates:GROUP_ORG+PERSON", "patient": "placement_direct:ABSTRACT", "place": "placement_direct:PLACE"}}]
母が町の校庭でスープを煮た。	ja_r10_w3b4.jsonl	CORRECT	b1.judge on new_data: correct	[{"predicate": "煮る", "roles": {"agent": "母", "patient": "スープ", "place": "町の校庭"}, "polarity": "+", "tense": "past", "modality": null, "voice": "active", "predicate_basis": "placement_direct:P_CREATE", "role_basis": {"agent": "placement_direct:PERSON", "patient": "placement_direct:SUBSTANCE_FOOD", "place": "placement_direct_head:PLACE"}}]
兄が山頂で音楽を作った。	ja_r10_w3b4.jsonl	CORRECT	b1.judge on new_data: correct	[{"predicate": "作る", "roles": {"agent": "兄", "patient": "音楽", "place": "山頂"}, "polarity": "+", "tense": "past", "modality": null, "voice": "active", "predicate_basis": "placement_direct:P_CREATE", "role_basis": {"agent": "placement_direct:PERSON", "patient": "placement_direct:WORK", "place": "placement_direct:PLACE"}}]
兄が校庭で泣いた。	ja_r10_w3b4.jsonl	CORRECT	b1.judge on new_data: correct	[{"predicate": "泣く", "roles": {"agent": "兄", "place": "校庭"}, "polarity": "+", "tense": "past", "modality": null, "voice": "active", "predicate_basis": "placement_direct:P_EMOTION", "role_basis": {"agent": "placement_direct:PERSON", "place": "placement_direct:PLACE"}}]
弟が森林で泣いた。	ja_r10_w3b4.jsonl	CORRECT	b1.judge on new_data: correct	[{"predicate": "泣く", "roles": {"agent": "弟", "place": "森林"}, "polarity": "+", "tense": "past", "modality": null, "voice": "active", "predicate_basis": "placement_direct:P_EMOTION", "role_basis": {"agent": "placement_direct:PERSON", "place": "placement_direct:PLACE"}}]
姉が歩道で泣いた。	ja_r10_w3b4.jsonl	CORRECT	b1.judge on new_data: correct	[{"predicate": "泣く", "roles": {"agent": "姉", "place": "歩道"}, "polarity": "+", "tense": "past", "modality": null, "voice": "active", "predicate_basis": "placement_direct:P_EMOTION", "role_basis": {"agent": "placement_direct:PERSON", "place": "placement_direct:PLACE"}}]
先生が校庭で泣かなかった。	ja_r10_w3b4.jsonl	CORRECT	b1.judge on new_data: correct	[{"predicate": "泣く", "roles": {"agent": "先生", "place": "校庭"}, "polarity": "-", "tense": "past", "modality": null, "voice": "active", "predicate_basis": "placement_direct:P_EMOTION", "role_basis": {"agent": "placement_direct:PERSON", "place": "placement_direct:PLACE"}}]
母が山頂で笑った。	ja_r10_w3b4.jsonl	CORRECT	b1.judge on new_data: correct	[{"predicate": "笑う", "roles": {"agent": "母", "place": "山頂"}, "polarity": "+", "tense": "past", "modality": null, "voice": "active", "predicate_basis": "placement_direct:P_EMOTION", "role_basis": {"agent": "placement_direct:PERSON", "place": "placement_direct:PLACE"}}]
警官が交差点で笑った。	ja_r10_w3b4.jsonl	CORRECT	b1.judge on new_data: correct	[{"predicate": "笑う", "roles": {"agent": "警官", "place": "交差点"}, "polarity": "+", "tense": "past", "modality": null, "voice": "active", "predicate_basis": "placement_direct:P_EMOTION", "role_basis": {"agent": "placement_direct:PERSON", "place": "placement_direct:PLACE"}}]
兵士が国道で驚いた。	ja_r10_w3b4.jsonl	CORRECT	b1.judge on new_data: correct	[{"predicate": "驚く", "roles": {"agent": "兵士", "place": "国道"}, "polarity": "+", "tense": "past", "modality": null, "voice": "active", "predicate_basis": "placement_direct:P_EMOTION", "role_basis": {"agent": "placement_direct:PERSON", "place": "placement_direct:PLACE"}}]
村人が農道で驚かなかった。	ja_r10_w3b4.jsonl	CORRECT	b1.judge on new_data: correct	[{"predicate": "驚く", "roles": {"agent": "村人", "place": "農道"}, "polarity": "-", "tense": "past", "modality": null, "voice": "active", "predicate_basis": "placement_direct:P_EMOTION", "role_basis": {"agent": "placement_direct:PERSON", "place": "placement_direct:PLACE"}}]
選手が土俵で喜んだ。	ja_r10_w3b4.jsonl	CORRECT	b1.judge on new_data: correct	[{"predicate": "喜ぶ", "roles": {"agent": "選手", "place": "土俵"}, "polarity": "+", "tense": "past", "modality": null, "voice": "active", "predicate_basis": "placement_direct:P_EMOTION", "role_basis": {"agent": "placement_direct:PERSON", "place": "placement_direct:PLACE"}}]
チームが校庭で喜んだ。	ja_r10_w3b4.jsonl	CORRECT	b1.judge on new_data: correct	[{"predicate": "喜ぶ", "roles": {"agent": "チーム", "place": "校庭"}, "polarity": "+", "tense": "past", "modality": null, "voice": "active", "predicate_basis": "placement_direct:P_EMOTION", "role_basis": {"agent": "placement_direct:GROUP_ORG", "place": "placement_direct:PLACE"}}]
花子が校庭で笑った。	ja_r10_w3b4.jsonl	CORRECT	b1.judge on new_data: correct	[{"predicate": "笑う", "roles": {"agent": "花子", "place": "校庭"}, "polarity": "+", "tense": "past", "modality": null, "voice": "active", "predicate_basis": "placement_direct:P_EMOTION", "role_basis": {"agent": "placement_all_candidates:ANIMAL+PERSON", "place": "placement_direct:PLACE"}}]
政府が国道で怒った。	ja_r10_w3b4.jsonl	CORRECT	b1.judge on new_data: correct	[{"predicate": "怒る", "roles": {"agent": "政府", "place": "国道"}, "polarity": "+", "tense": "past", "modality": null, "voice": "active", "predicate_basis": "placement_direct:P_EMOTION", "role_basis": {"agent": "placement_direct:GROUP_ORG", "place": "placement_direct:PLACE"}}]
警察が校庭で怒った。	ja_r10_w3b4.jsonl	CORRECT	b1.judge on new_data: correct	[{"predicate": "怒る", "roles": {"agent": "警察", "place": "校庭"}, "polarity": "+", "tense": "past", "modality": null, "voice": "active", "predicate_basis": "placement_direct:P_EMOTION", "role_basis": {"agent": "placement_all_candidates:GROUP_ORG+PERSON", "place": "placement_direct:PLACE"}}]
兄が校庭で試合を楽しんだ。	ja_r10_w3b4.jsonl	CORRECT	b1.judge on new_data: correct	[{"predicate": "楽しむ", "roles": {"agent": "兄", "patient": "試合", "place": "校庭"}, "polarity": "+", "tense": "past", "modality": null, "voice": "active", "predicate_basis": "placement_direct:P_EMOTION", "role_basis": {"agent": "placement_direct:PERSON", "patient": "placement_direct:EVENT_ACT", "place": "placement_direct:PLACE"}}]
弟が森林で歌を楽しんだ。	ja_r10_w3b4.jsonl	CORRECT	b1.judge on new_data: correct	[{"predicate": "楽しむ", "roles": {"agent": "弟", "patient": "歌", "place": "森林"}, "polarity": "+", "tense": "past", "modality": null, "voice": "active", "predicate_basis": "placement_direct:P_EMOTION", "role_basis": {"agent": "placement_direct:PERSON", "patient": "placement_direct:WORK", "place": "placement_direct:PLACE"}}]
姉が湖で音楽を楽しむ。	ja_r10_w3b4.jsonl	CORRECT	b1.judge on new_data: correct	[{"predicate": "楽しむ", "roles": {"agent": "姉", "patient": "音楽", "place": "湖"}, "polarity": "+", "tense": "nonpast", "modality": null, "voice": "active", "predicate_basis": "placement_direct:P_EMOTION", "role_basis": {"agent": "placement_direct:PERSON", "patient": "placement_direct:WORK", "place": "placement_direct:PLACE"}}]
母が神社で歌を好んだ。	ja_r10_w3b4.jsonl	CORRECT	b1.judge on new_data: correct	[{"predicate": "好む", "roles": {"agent": "母", "patient": "歌", "place": "神社"}, "polarity": "+", "tense": "past", "modality": null, "voice": "active", "predicate_basis": "placement_direct:P_EMOTION", "role_basis": {"agent": "placement_direct:PERSON", "patient": "placement_direct:WORK", "place": "placement_direct:PLACE"}}]
祖父が山頂で酒を好んだ。	ja_r10_w3b4.jsonl	CORRECT	b1.judge on new_data: correct	[{"predicate": "好む", "roles": {"agent": "祖父", "patient": "酒", "place": "山頂"}, "polarity": "+", "tense": "past", "modality": null, "voice": "active", "predicate_basis": "placement_direct:P_EMOTION", "role_basis": {"agent": "placement_direct:PERSON", "patient": "placement_direct:SUBSTANCE_FOOD", "place": "placement_direct:PLACE"}}]
兄が校庭で弟を笑った。	ja_r10_w3b4.jsonl	CORRECT	b1.judge on new_data: correct	[{"predicate": "笑う", "roles": {"agent": "兄", "patient": "弟", "place": "校庭"}, "polarity": "+", "tense": "past", "modality": null, "voice": "active", "predicate_basis": "placement_direct:P_EMOTION", "role_basis": {"agent": "placement_direct:PERSON", "patient": "placement_direct:PERSON", "place": "placement_direct:PLACE"}}]
先生が校庭で生徒を笑わなかった。	ja_r10_w3b4.jsonl	CORRECT	b1.judge on new_data: correct	[{"predicate": "笑う", "roles": {"agent": "先生", "patient": "生徒", "place": "校庭"}, "polarity": "-", "tense": "past", "modality": null, "voice": "active", "predicate_basis": "placement_direct:P_EMOTION", "role_basis": {"agent": "placement_direct:PERSON", "patient": "placement_direct:PERSON", "place": "placement_direct:PLACE"}}]
兄が校庭で喧嘩を楽しんだ。	ja_r10_w3b4.jsonl	CORRECT	b1.judge on new_data: correct	[{"predicate": "楽しむ", "roles": {"agent": "兄", "patient": "喧嘩", "place": "校庭"}, "polarity": "+", "tense": "past", "modality": null, "voice": "active", "predicate_basis": "placement_direct:P_EMOTION", "role_basis": {"agent": "placement_direct:PERSON", "patient": "placement_direct:EVENT_ACT", "place": "placement_direct:PLACE"}}]
父が国道で約束を喜んだ。	ja_r10_w3b4.jsonl	CORRECT	b1.judge on new_data: correct	[{"predicate": "喜ぶ", "roles": {"agent": "父", "patient": "約束", "place": "国道"}, "polarity": "+", "tense": "past", "modality": null, "voice": "active", "predicate_basis": "placement_direct:P_EMOTION", "role_basis": {"agent": "placement_direct:PERSON", "patient": "placement_direct:EVENT_ACT", "place": "placement_direct:PLACE"}}]
弟が校庭で絵を好んだ。	ja_r10_w3b4.jsonl	CORRECT	b1.judge on new_data: correct	[{"predicate": "好む", "roles": {"agent": "弟", "patient": "絵", "place": "校庭"}, "polarity": "+", "tense": "past", "modality": null, "voice": "active", "predicate_basis": "placement_direct:P_EMOTION", "role_basis": {"agent": "placement_direct:PERSON", "patient": "placement_direct:WORK", "place": "placement_direct:PLACE"}}]
兄が町の校庭で泣いた。	ja_r10_w3b4.jsonl	CORRECT	b1.judge on new_data: correct	[{"predicate": "泣く", "roles": {"agent": "兄", "place": "町の校庭"}, "polarity": "+", "tense": "past", "modality": null, "voice": "active", "predicate_basis": "placement_direct:P_EMOTION", "role_basis": {"agent": "placement_direct:PERSON", "place": "placement_direct_head:PLACE"}}]
兄が校庭で手紙を喜んだ。	ja_r10_w3b4.jsonl	CORRECT	b1.judge on new_data: correct	[{"predicate": "喜ぶ", "roles": {"agent": "兄", "patient": "手紙", "place": "校庭"}, "polarity": "+", "tense": "past", "modality": null, "voice": "active", "predicate_basis": "placement_direct:P_EMOTION", "role_basis": {"agent": "placement_direct:PERSON", "patient": "placement_all_candidates:ABSTRACT+IDENTIFIER+INFO_LANGUAGE+WORK", "place": "placement_direct:PLACE"}}]
母が校庭で絵本を楽しんだ。	ja_r10_w3b4.jsonl	CORRECT	b1.judge on new_data: correct	[{"predicate": "楽しむ", "roles": {"agent": "母", "patient": "絵本", "place": "校庭"}, "polarity": "+", "tense": "past", "modality": null, "voice": "active", "predicate_basis": "placement_direct:P_EMOTION", "role_basis": {"agent": "placement_direct:PERSON", "patient": "placement_all_candidates:ARTIFACT+INFO_LANGUAGE+WORK", "place": "placement_direct:PLACE"}}]
