印字する	が	agent	GROUP_ORG,PERSON
印字する	で	instrument	ARTIFACT
印字する	に	goal	ARTIFACT,PLACE
印字する	を	patient	ARTIFACT,INFO_LANGUAGE,WORK
つぼむ	が	entity	ARTIFACT,BODY_PART,PLANT
つぼむ	を	patient	BODY_PART,PLANT
新設する	に	goal	PLACE
新設する	を	patient	ARTIFACT,GROUP_ORG,PLACE
総括する	が	agent	GROUP_ORG,PERSON
総括する	で	instrument	ARTIFACT,INFO_LANGUAGE
総括する	に	standard	ABSTRACT,EVENT_ACT
総括する	を	patient	ABSTRACT,EVENT_ACT,INFO_LANGUAGE
持ち回る	が	agent	GROUP_ORG,PERSON
持ち回る	に	goal	GROUP_ORG,PERSON,PLACE
持ち回る	を	patient	ARTIFACT,INFO_LANGUAGE,SUBSTANCE_FOOD
吸引する	が	agent	GROUP_ORG,PERSON
吸引する	に	goal	ARTIFACT,PERSON,PLACE
吸引する	を	patient	ABSTRACT,ARTIFACT,BODY_PART,SUBSTANCE_FOOD
任せる	が	agent	GROUP_ORG,PERSON
任せる	に	recipient	GROUP_ORG,PERSON
任せる	を	patient	ABSTRACT,ARTIFACT,EVENT_ACT
遣う	に	recipient	GROUP_ORG,PERSON
遣う	を	patient	ABSTRACT,ARTIFACT,SUBSTANCE_FOOD
入店する	に	goal	PLACE
締結する	が	agent	GROUP_ORG,PERSON
締結する	で	time	TIME
締結する	と	companion	GROUP_ORG,PERSON
締結する	を	patient	ABSTRACT,EVENT_ACT,INFO_LANGUAGE
申し伝える	から	source	GROUP_ORG,PERSON
申し伝える	に	recipient	GROUP_ORG,PERSON
申し伝える	を	patient	EVENT_ACT,INFO_LANGUAGE
売れる	が	agent	ANIMAL,GROUP_ORG,PERSON
売れる	が	entity	ABSTRACT,ARTIFACT,SUBSTANCE_FOOD,WORK
売れる	で	place	PLACE
売れる	に	recipient	GROUP_ORG,PERSON
始末する	が	agent	GROUP_ORG,PERSON
始末する	で	instrument	ARTIFACT
始末する	を	patient	ABSTRACT,ARTIFACT,EVENT_ACT
アップロードする	から	source	ARTIFACT,PLACE
アップロードする	で	instrument	ARTIFACT,INFO_LANGUAGE
アップロードする	に	goal	PLACE
アップロードする	へ	goal	PLACE
アップロードする	を	patient	ARTIFACT,INFO_LANGUAGE,WORK
怒る	が	agent	ANIMAL,PERSON
怒る	で	cause	ABSTRACT,EVENT_ACT
怒る	に	cause	ABSTRACT,EVENT_ACT,PERSON
取り合わせる	と	companion	ARTIFACT,SUBSTANCE_FOOD
取り合わせる	を	patient	ARTIFACT,INFO_LANGUAGE,SUBSTANCE_FOOD
抜け替わる	が	entity	ARTIFACT,BODY_PART,PLANT
繰り上がる	が	entity	EVENT_ACT,QUANTITY,TIME
繰り上がる	に	goal	QUANTITY,TIME
打ち寄せる	が	entity	NATURAL_PHENOMENON,SUBSTANCE_FOOD
打ち寄せる	に	goal	ARTIFACT,PLACE
打ち寄せる	へ	goal	PLACE
否決する	に	cause	ABSTRACT,EVENT_ACT
否決する	を	patient	ABSTRACT,EVENT_ACT,INFO_LANGUAGE
出版する	から	source	GROUP_ORG,PERSON
出版する	を	patient	INFO_LANGUAGE,WORK
忍び込む	から	source	PLACE
忍び込む	に	goal	ARTIFACT,PLACE
忍び込む	へ	goal	PLACE
内線する	を	patient	IDENTIFIER,INFO_LANGUAGE
見くらべる	が	agent	PERSON
見くらべる	と	standard	ARTIFACT,INFO_LANGUAGE,WORK
見くらべる	を	patient	ARTIFACT,INFO_LANGUAGE,WORK
解任する	から	source	GROUP_ORG
解任する	を	patient	GROUP_ORG,PERSON
寄進する	に	recipient	GROUP_ORG,PERSON
寄進する	へ	goal	PLACE
寄進する	を	patient	ABSTRACT,ARTIFACT,SUBSTANCE_FOOD
看る	で	instrument	ARTIFACT
看る	に	place	PLACE
看る	を	patient	ANIMAL,PERSON
なめす	で	instrument	ARTIFACT
なめす	に	result	ARTIFACT,SUBSTANCE_FOOD
なめす	を	patient	ARTIFACT,SUBSTANCE_FOOD
差し出せる	に	recipient	GROUP_ORG,PERSON
差し出せる	を	patient	ABSTRACT,ARTIFACT,INFO_LANGUAGE
挽く	が	agent	GROUP_ORG,PERSON
挽く	で	instrument	ARTIFACT
挽く	を	patient	ARTIFACT,PLANT,SUBSTANCE_FOOD
細分する	に	result	ABSTRACT,QUANTITY
細分する	を	patient	ABSTRACT,INFO_LANGUAGE,QUANTITY
相殺する	で	instrument	ABSTRACT,ARTIFACT
相殺する	と	companion	GROUP_ORG,PERSON
相殺する	を	patient	ABSTRACT,QUANTITY,SUBSTANCE_FOOD
感じ取れる	が	experiencer	ANIMAL,PERSON
感じ取れる	を	patient	EVENT_ACT,INFO_LANGUAGE,STATE_PROPERTY
捻る	が	agent	PERSON
捻る	に	goal	ARTIFACT,BODY_PART
捻る	を	patient	ARTIFACT,BODY_PART,SUBSTANCE_FOOD
沿う	と	companion	ANIMAL,GROUP_ORG,PERSON
沿う	に	goal	ARTIFACT,PLACE
きざむ	で	instrument	ARTIFACT
きざむ	を	patient	ABSTRACT,ARTIFACT,BODY_PART,SUBSTANCE_FOOD
かざす	で	place	PLACE
かざす	に	goal	ARTIFACT,PERSON
かざす	を	patient	ARTIFACT,INFO_LANGUAGE,SUBSTANCE_FOOD
浸かる	に	place	PLACE,SUBSTANCE_FOOD
同封する	が	agent	GROUP_ORG,PERSON
同封する	に	goal	ARTIFACT
同封する	を	patient	ARTIFACT,INFO_LANGUAGE
仲直りする	と	companion	GROUP_ORG,PERSON
揺られる	で	cause	EVENT_ACT,NATURAL_PHENOMENON
揺られる	に	agent	GROUP_ORG,PERSON
計上する	が	agent	GROUP_ORG,PERSON
計上する	で	cause	ABSTRACT,EVENT_ACT
計上する	に	goal	ABSTRACT,IDENTIFIER
計上する	を	patient	ABSTRACT,EVENT_ACT,QUANTITY
乗り入れる	から	source	PLACE
乗り入れる	が	agent	GROUP_ORG,PERSON
乗り入れる	に	goal	PLACE
実装する	で	place	PLACE
実装する	に	goal	ARTIFACT,PLACE
実装する	を	patient	ABSTRACT,ARTIFACT,EVENT_ACT,INFO_LANGUAGE
体操する	が	agent	GROUP_ORG,PERSON
体操する	で	place	PLACE
体操する	を	patient	BODY_PART,EVENT_ACT
生い茂る	が	entity	PLANT
生い茂る	に	place	PLACE
揶揄する	を	patient	ANIMAL,GROUP_ORG,PERSON
負担する	に	recipient	GROUP_ORG,PERSON
負担する	を	patient	ABSTRACT,EVENT_ACT,QUANTITY
礼する	に	agent	GROUP_ORG,PERSON
礼する	を	patient	GROUP_ORG,PERSON
変速する	に	result	STATE_PROPERTY
変速する	を	patient	ARTIFACT
とかす	が	agent	GROUP_ORG,PERSON
とかす	で	instrument	ARTIFACT,SUBSTANCE_FOOD
とかす	に	goal	ARTIFACT,PLACE,SUBSTANCE_FOOD
とかす	を	patient	ARTIFACT,INFO_LANGUAGE,SUBSTANCE_FOOD
標識する	が	agent	GROUP_ORG,PERSON
標識する	で	instrument	ARTIFACT,INFO_LANGUAGE
標識する	を	patient	ARTIFACT,INFO_LANGUAGE,PLACE
暮らす	から	source	PLACE
暮らす	が	agent	ANIMAL,PERSON
暮らす	で	place	PLACE
暮らす	と	companion	ANIMAL,PERSON
暮らす	まで	time	TIME
食べ残す	を	patient	SUBSTANCE_FOOD
消える	から	source	ARTIFACT,PLACE
消える	が	agent	ANIMAL,GROUP_ORG,PERSON
消える	が	entity	ABSTRACT,ARTIFACT,INFO_LANGUAGE,NATURAL_PHENOMENON,PLACE,STATE_PROPERTY,SUBSTANCE_FOOD
消える	で	cause	ABSTRACT,EVENT_ACT,NATURAL_PHENOMENON
消える	に	place	PLACE
考える	が	agent	GROUP_ORG,PERSON
考える	と	quotation	ABSTRACT,INFO_LANGUAGE
考える	に	recipient	GROUP_ORG,PERSON
考える	を	patient	ABSTRACT,EVENT_ACT,INFO_LANGUAGE,STATE_PROPERTY
謳歌する	を	patient	ABSTRACT,EVENT_ACT,STATE_PROPERTY
逝去する	が	agent	PERSON
逝去する	に	time	TIME
