set	id	mode	exp_decision	trap_before	trap_after	kind	fields	before	after
fixtures	w2c-f02-11	fakemap	escalate	WIDER	WIDER	NOT_ASKED->mapping	["mapping_outcome"]	{"decision": "escalate", "answer": null, "answer_option_index": null, "escalate_reason": "FRAME_SILENT", "escalate_detail": "TERM_IN_WIDER_PHRASE", "mapping_outcome": "NOT_ASKED:RULE_ESCALATION_NOT_RETRIED"}	{"decision": "escalate", "answer": null, "answer_option_index": null, "escalate_reason": "FRAME_SILENT", "escalate_detail": "TERM_IN_WIDER_PHRASE", "mapping_outcome": "ESCALATED:FRAME_SILENT/MAP_NONE"}
fixtures	w2c-f05-13	fakemap	escalate	WIDER	WIDER	NOT_ASKED->mapping	["mapping_outcome"]	{"decision": "escalate", "answer": null, "answer_option_index": null, "escalate_reason": "FRAME_SILENT", "escalate_detail": "TERM_IN_WIDER_PHRASE", "mapping_outcome": "NOT_ASKED:RULE_ESCALATION_NOT_RETRIED"}	{"decision": "escalate", "answer": null, "answer_option_index": null, "escalate_reason": "FRAME_SILENT", "escalate_detail": "TERM_IN_WIDER_PHRASE", "mapping_outcome": "ESCALATED:FRAME_SILENT/MAP_NONE"}
fixtures	w2c-f10-07	fakemap	answer	WIDER	WIDER	NOT_ASKED->mapping	["mapping_outcome"]	{"decision": "escalate", "answer": null, "answer_option_index": null, "escalate_reason": "FRAME_SILENT", "escalate_detail": "TERM_IN_WIDER_PHRASE", "mapping_outcome": "NOT_ASKED:RULE_ESCALATION_NOT_RETRIED"}	{"decision": "escalate", "answer": null, "answer_option_index": null, "escalate_reason": "FRAME_SILENT", "escalate_detail": "TERM_IN_WIDER_PHRASE", "mapping_outcome": "ESCALATED:FRAME_SILENT/MAP_NONE"}
w2g	w2g-w01-04	fakemap	answer	WIDER	WIDER	NOT_ASKED->mapping	["mapping_outcome"]	{"decision": "escalate", "answer": null, "answer_option_index": null, "escalate_reason": "FRAME_SILENT", "escalate_detail": "TERM_IN_WIDER_PHRASE", "mapping_outcome": "NOT_ASKED:RULE_ESCALATION_NOT_RETRIED"}	{"decision": "escalate", "answer": null, "answer_option_index": null, "escalate_reason": "FRAME_SILENT", "escalate_detail": "TERM_IN_WIDER_PHRASE", "mapping_outcome": "ESCALATED:FRAME_SILENT/MAP_NONE"}
w2g	w2g-w05-02	fakemap	answer	WIDER	WIDER	NOT_ASKED->mapping	["mapping_outcome"]	{"decision": "escalate", "answer": null, "answer_option_index": null, "escalate_reason": "FRAME_SILENT", "escalate_detail": "TERM_IN_WIDER_PHRASE", "mapping_outcome": "NOT_ASKED:RULE_ESCALATION_NOT_RETRIED"}	{"decision": "escalate", "answer": null, "answer_option_index": null, "escalate_reason": "FRAME_SILENT", "escalate_detail": "TERM_IN_WIDER_PHRASE", "mapping_outcome": "ESCALATED:FRAME_SILENT/MAP_NONE"}
w2g	w2g-w05-05	fakemap	answer	WIDER	WIDER	NOT_ASKED->mapping	["mapping_outcome"]	{"decision": "escalate", "answer": null, "answer_option_index": null, "escalate_reason": "FRAME_SILENT", "escalate_detail": "TERM_IN_WIDER_PHRASE", "mapping_outcome": "NOT_ASKED:RULE_ESCALATION_NOT_RETRIED"}	{"decision": "escalate", "answer": null, "answer_option_index": null, "escalate_reason": "FRAME_SILENT", "escalate_detail": "TERM_IN_WIDER_PHRASE", "mapping_outcome": "ESCALATED:FRAME_SILENT/MAP_NONE"}
w2g	w2g-w06-02	fakemap	answer	WIDER	WIDER	NOT_ASKED->mapping	["mapping_outcome"]	{"decision": "escalate", "answer": null, "answer_option_index": null, "escalate_reason": "FRAME_SILENT", "escalate_detail": "TERM_IN_WIDER_PHRASE", "mapping_outcome": "NOT_ASKED:RULE_ESCALATION_NOT_RETRIED"}	{"decision": "escalate", "answer": null, "answer_option_index": null, "escalate_reason": "FRAME_SILENT", "escalate_detail": "TERM_IN_WIDER_PHRASE", "mapping_outcome": "ESCALATED:FRAME_SILENT/MAP_NONE"}
w2g2	w2g2-x02-04	fakemap	answer	WIDER	WIDER	NOT_ASKED->mapping	["mapping_outcome"]	{"decision": "escalate", "answer": null, "answer_option_index": null, "escalate_reason": "FRAME_SILENT", "escalate_detail": "TERM_IN_WIDER_PHRASE", "mapping_outcome": "NOT_ASKED:RULE_ESCALATION_NOT_RETRIED"}	{"decision": "escalate", "answer": null, "answer_option_index": null, "escalate_reason": "FRAME_SILENT", "escalate_detail": "TERM_IN_WIDER_PHRASE", "mapping_outcome": "ESCALATED:FRAME_SILENT/MAP_NONE"}
w2g2	w2g2-x05-04	fakemap	answer	WIDER	WIDER	NOT_ASKED->mapping	["mapping_outcome"]	{"decision": "escalate", "answer": null, "answer_option_index": null, "escalate_reason": "FRAME_SILENT", "escalate_detail": "TERM_IN_WIDER_PHRASE", "mapping_outcome": "NOT_ASKED:RULE_ESCALATION_NOT_RETRIED"}	{"decision": "escalate", "answer": null, "answer_option_index": null, "escalate_reason": "FRAME_SILENT", "escalate_detail": "TERM_IN_WIDER_PHRASE", "mapping_outcome": "ESCALATED:FRAME_SILENT/MAP_NONE"}
w2g3	w2g3-y06-03	fakemap	answer	WIDER	WIDER	NOT_ASKED->mapping	["mapping_outcome"]	{"decision": "escalate", "answer": null, "answer_option_index": null, "escalate_reason": "FRAME_SILENT", "escalate_detail": "TERM_IN_WIDER_PHRASE", "mapping_outcome": "NOT_ASKED:RULE_ESCALATION_NOT_RETRIED"}	{"decision": "escalate", "answer": null, "answer_option_index": null, "escalate_reason": "FRAME_SILENT", "escalate_detail": "TERM_IN_WIDER_PHRASE", "mapping_outcome": "ESCALATED:FRAME_SILENT/MAP_NONE"}
w2g3	w2g3-y06-09	fakemap	escalate	WIDER	WIDER	NOT_ASKED->mapping	["mapping_outcome"]	{"decision": "escalate", "answer": null, "answer_option_index": null, "escalate_reason": "FRAME_SILENT", "escalate_detail": "TERM_IN_WIDER_PHRASE", "mapping_outcome": "NOT_ASKED:RULE_ESCALATION_NOT_RETRIED"}	{"decision": "escalate", "answer": null, "answer_option_index": null, "escalate_reason": "FRAME_SILENT", "escalate_detail": "TERM_IN_WIDER_PHRASE", "mapping_outcome": "ESCALATED:FRAME_SILENT/MAP_NONE"}
