# NOT ground truth: a look by the implementer at 60 words drawn with random.Random(20261005).sample(sorted(words), 60). The 4th column is filled by hand.
word	base_state	class	docs_human	docs_generated	judgement	reason
代謝系	UNPLACED	human	12	0		
本処	UNPLACED	human	7	0		
允明	UNPLACED	human	4	0		
大図鑑	UNPLACED	human	7	0		
ヒロインズ	UNPLACED	human	6	0		
ストア	UNPLACED	both	191	26		
東京電機大学教授	UNPLACED	human	5	0		
日本古典学者	UNPLACED	human	3	0		
ウィーヴィング	UNPLACED	human	13	0		
スカイガーデン	UNPLACED	human	5	0		
チェジュ	UNPLACED	human	28	0		
藤原家政	UNPLACED	human	3	0		
作東	UNPLACED	human	3	0		
暴漢	UNPLACED	human	10	0		
佐怒賀	UNPLACED	human	4	0		
調整役	UNPLACED	human	8	1		
小木	UNPLACED	human	16	0		
白熱電球	UNPLACED	human	14	2		
奇皇后	UNPLACED	human	4	0		
水産経済学	UNPLACED	human	3	0		
花泉	UNPLACED	human	3	0		
国防費	UNPLACED	human	4	0		
レミック	UNPLACED	human	9	0		
アリシー	UNPLACED	human	4	0		
パスクアーレ	UNPLACED	human	11	0		
名越左源太	UNPLACED	human	3	0		
大船鉾	UNPLACED	human	3	0		
吹奏楽作曲家	UNPLACED	human	7	0		
倍以上	UNPLACED	human	78	1		
回復期	UNPLACED	human	17	0		
今川氏輝	UNPLACED	human	4	0		
優勝経験者	UNPLACED	human	4	0		
パピー	UNPLACED	human	15	0		
クト	UNPLACED	human	7	0		
重尚	UNPLACED	human	4	0		
ラーガーシュテッテ	UNPLACED	human	7	0		
連絡袋	UNPLACED	generated	0	7		
ビリボー	UNPLACED	human	4	0		
主任検事	UNPLACED	human	5	0		
兵庫県三田市弥生	UNPLACED	human	3	0		
焼肉料理	UNPLACED	human	8	0		
著作多数	UNPLACED	human	5	0		
里見	UNPLACED	human	96	0		
日本列島最古級	UNPLACED	human	4	0		
荘宗李存勗	UNPLACED	human	11	0		
鈴木啓太	UNPLACED	human	5	0		
拳銃型	UNPLACED	human	4	0		
ロンゴリア	UNPLACED	human	5	0		
アンベール	UNPLACED	human	30	0		
近江彦根藩	UNPLACED	human	10	0		
責任能力	UNPLACED	human	14	0		
ブロイアー	UNPLACED	human	8	0		
日常使用	UNPLACED	human	4	0		
建造技術	UNPLACED	human	3	0		
王家	UNPLACED	both	370	5		
ニューカム	UNPLACED	human	16	0		
守住	UNPLACED	human	5	0		
阪急宝塚本線	UNPLACED	human	5	0		
検索部分	UNPLACED	generated	0	7		
初級滑空機	UNPLACED	human	6	0		
