# NOT ground truth: a look by the implementer at 60 words drawn with random.Random(20261005).sample(sorted(words), 60). The judgement and reason columns were filled by hand (語 = a word or name; 断片 = a piece of a longer word; 疑わしい = a phrase or unclear).
word	base_state	class	docs_human	docs_generated	judgement	reason
代表引退	UNPLACED	human	3	0	疑わしい	複合の句（代表＋引退）
木質構造	UNPLACED	human	4	0	語	複合語
優作	MULTIPLE	both	24	5	語	人名
大分県西部	UNPLACED	human	12	0	疑わしい	地名＋方位の句
ヒルミー	UNPLACED	human	7	0	語	固有名
ステープルトン	UNPLACED	human	9	0	語	姓
東京都八王子市松	UNPLACED	human	3	0	断片	町名の途中で切れた形（松…）
日吉大社	UNPLACED	human	13	0	語	神社名
ウィーヴァー	UNPLACED	human	18	0	語	姓
スエード	UNPLACED	human	7	1	語	普通名詞
チェザロ	UNPLACED	human	11	0	語	姓
蒼海	UNPLACED	human	8	0	語	複合語/名
作戦任務	UNPLACED	human	6	0	語	複合語
景正	UNPLACED	human	8	0	語	人名
佐倉	UNPLACED	human	77	0	語	地名/姓
試合予定	UNPLACED	generated	1	4	疑わしい	生成物だけ・句
小学校教師	UNPLACED	human	28	1	語	複合語
発芽後	UNPLACED	generated	2	7	疑わしい	語＋後
太田警察署	UNPLACED	human	3	0	語	施設名
気体成分	UNPLACED	human	3	0	語	複合語
船宿	UNPLACED	human	7	1	語	普通名詞
国生	UNPLACED	human	23	0	語	姓
レボ	UNPLACED	human	8	0	疑わしい	意味の取れない短いカタカナ
アリシー	UNPLACED	human	4	0	語	名
パジャマゲーム	UNPLACED	human	4	0	語	作品名
名峰	UNPLACED	human	13	0	語	普通名詞
大番頭	UNPLACED	human	16	0	語	普通名詞
名鉄小牧線	UNPLACED	human	16	0	語	路線名
個人所蔵	UNPLACED	human	5	0	疑わしい	句
噴気孔	UNPLACED	human	16	2	語	普通名詞
今何時	UNPLACED	generated	1	23	疑わしい	生成物だけ・句
儀助	UNPLACED	human	7	0	語	人名
パパラッチ	UNPLACED	human	10	0	語	普通名詞
クツレ	UNPLACED	human	3	0	疑わしい	意味の取れない短いカタカナ
都留市二十一秀峰	UNPLACED	human	3	0	疑わしい	地名の連結
ラヴラドール	UNPLACED	human	3	0	語	普通名詞
通信講座	UNPLACED	both	5	9	語	複合語
ビラル	UNPLACED	human	19	0	語	名
丹羽郡大口町	UNPLACED	human	5	0	語	地名
共通操作	UNPLACED	generated	0	3	疑わしい	生成物だけ・句
為次	UNPLACED	human	3	0	語	人名
荘駅	UNPLACED	human	3	0	断片	駅名の途中（…荘駅）
都市構想	UNPLACED	human	4	0	語	複合語
日出雄	UNPLACED	human	6	0	語	人名
英題	UNPLACED	human	1936	0	語	普通名詞
金堀	UNPLACED	human	3	0	語	姓/地名
抗酸染色	UNPLACED	human	4	0	語	複合語
ロングボード	UNPLACED	human	3	0	語	普通名詞
アンベール	UNPLACED	human	30	0	語	名/姓
輸出加工区	UNPLACED	human	4	0	語	複合語
豊田古墳群	UNPLACED	human	5	0	語	遺跡名
ブレードサーバ	UNPLACED	human	7	0	語	普通名詞
旅行評論家	UNPLACED	human	3	0	語	複合語
延次郎	UNPLACED	human	4	0	語	人名
猛威	UNPLACED	human	18	0	語	普通名詞
ニューエスト	UNPLACED	human	6	0	疑わしい	固有名か不明
宇佐町	UNPLACED	human	4	0	語	地名
開発手法	UNPLACED	human	18	0	語	複合語
森戸	UNPLACED	human	10	0	語	姓/地名
初旬	UNPLACED	human	3	0	語	普通名詞
