set	id	class	before_verdict	after_verdict	before_values	after_values	modality_reason_in_output
extra2	X001	d	UNKNOWN_UNREAD	UNKNOWN_UNREAD	[]	[]	False
extra2	X002	d	UNKNOWN_UNREAD	UNKNOWN_UNREAD	[]	[]	False
extra2	X003	d	UNKNOWN_UNREAD	UNKNOWN_UNREAD	[]	[]	False
extra2	X004	d	UNKNOWN_UNREAD	UNKNOWN_UNREAD	[]	[]	False
extra2	X005	d	UNKNOWN_UNREAD	UNKNOWN_UNREAD	[]	[]	False
extra2	X006	d	UNKNOWN_UNREAD	UNKNOWN_UNREAD	[]	[]	False
extra2	X007	d	UNKNOWN_UNREAD	UNKNOWN_UNREAD	[]	[]	False
extra2	X008	a	ANSWER	UNKNOWN_UNSUPPORTED_EVIDENCE	['先生']	[]	True
extra2	X009	a	ANSWER	UNKNOWN_UNSUPPORTED_EVIDENCE	['漁師']	[]	True
extra2	X010	a	ANSWER	UNKNOWN_UNSUPPORTED_EVIDENCE	['母']	[]	True
extra2	X011	a	ANSWER	UNKNOWN_UNREAD	['本']	[]	False
extra2	X012	a	ANSWER	UNKNOWN_UNREAD	['魚']	[]	False
extra2	X013	d	UNKNOWN_UNREAD	UNKNOWN_UNREAD	[]	[]	False
extra2	X014	e	ANSWER	UNKNOWN_UNREAD	['地図']	[]	False
extra2	X015	d	UNKNOWN_UNREAD	UNKNOWN_UNREAD	[]	[]	False
extra2	X016	d	UNKNOWN_UNREAD	UNKNOWN_UNREAD	[]	[]	False
extra2	X017	d	UNKNOWN_UNREAD	UNKNOWN_UNREAD	[]	[]	False
extra2	X018	d	UNKNOWN_UNREAD	UNKNOWN_UNREAD	[]	[]	False
extra2	X019	d	UNKNOWN_UNREAD	UNKNOWN_UNREAD	[]	[]	False
extra2	X020	d	UNKNOWN_UNREAD	UNKNOWN_UNREAD	[]	[]	False
extra2	X021	d	UNKNOWN_UNREAD	UNKNOWN_UNREAD	[]	[]	False
extra2	X022	d	UNKNOWN_UNREAD	UNKNOWN_UNREAD	[]	[]	False
extra2	X023	d	UNKNOWN_UNREAD	UNKNOWN_UNREAD	[]	[]	False
extra2	X027	d	UNKNOWN_UNREAD	UNKNOWN_UNREAD	[]	[]	False
extra2	X028	d2	ANSWER	ANSWER	['論文']	['論文']	False
extra2	X029	d2	ANSWER	ANSWER	['歌']	['歌']	False
extra2	X030	d2	ANSWER	ANSWER	['米']	['米']	False
extra2	X032	d	UNKNOWN_UNREAD	UNKNOWN_UNREAD	[]	[]	False
extra2	X033	d	UNKNOWN_UNREAD	UNKNOWN_UNREAD	[]	[]	False
extra2	X034	d	UNKNOWN_UNREAD	UNKNOWN_UNREAD	[]	[]	False
extra2	X035	d	UNKNOWN_UNREAD	UNKNOWN_UNREAD	[]	[]	False
extra2	X036	d	UNKNOWN_UNREAD	UNKNOWN_UNREAD	[]	[]	False
extra2	X037	d	UNKNOWN_UNREAD	UNKNOWN_UNREAD	[]	[]	False
b2like	BQ002	b	ANSWER	ANSWER	['森田']	['森田課長']	False
