source	start	sentence	before_supported	after_supported
w1078	0	四六のガマ（しろくのガマ）とは、前足が4本指、後足が6本指のニホンヒキガエル（ガマ）のことである。	copula:property(entity=四六のガマ（しろく,attribute=ガマ）と,value=、前足が4本指、後足が6本指のニホンヒキガエル（ガマ）のこと)	copula:property(entity=四六,attribute=ガマ（しろくのガマ）,value=、前足が4本指、後足が6本指のニホンヒキガエル（ガマ）のこと)
w108	0	デジタル放送の一覧（デジタルほうそうのいちらん）とはデジタル方式の放送の一覧である。	copula:property(entity=デジタル放送の一覧（デジタルほうそう,attribute=いちらん）と,value=デジタル方式の放送の一覧)	copula:property(entity=デジタル放送,attribute=一覧（デジタルほうそうのいちらん）,value=デジタル方式の放送の一覧)
w1081	0	「フンコロガシは、忙しい。」（フンコロガシは、いそがしい。	copula:identity(entity=「フンコロガシ,value=、忙しい。」（フンコロガシは、いそがしい)	quote:quotation(quotation=フンコロガシは、忙しい。)
w1084	0	「チグエソ 地球の空の下で」（チグエソ ちきゅうのそらのしたで）は、日本の歌。	copula:property(entity=「チグエソ 地球の空の下で」（チグエソ ちきゅうのそら,attribute=したで）,value=、日本の歌)	copula:identity(entity=「チグエソ 地球の空の下で」（チグエソ ちきゅうのそらのしたで）,value=、日本の歌)
w1115	0	芦田 実（あしだ みのる）は、日本の化学研究者である。	copula:property(entity=芦田 実（あしだ み,attribute=る）,value=、日本の化学研究者)	copula:identity(entity=芦田 実（あしだ みのる）,value=、日本の化学研究者)
w1118	128	毎年4月28日には薬師如来の祭礼として念仏踊りが催されている。	diathesis:催す(patient=念仏踊り)	frame:催す(patient=念仏踊り,time=毎年4月28日,capacity=薬師如来の祭礼)
w1126	0	284（二百八十四、にひゃくはちじゅうよん）は自然数、また整数において、283の次で285の前の数である。	copula:identity(entity=284（二百八十四、にひゃく,value=ちじゅうよん）は自然数、また整数において、283の次で285の前の数)	copula:identity(entity=284（二百八十四、にひゃくはちじゅうよん）,value=自然数、また整数において、283の次で285の前の数)
w1135	0	東流（ひがしながれ）は、博多祇園山笠や博多松囃子（博多どんたく）の運営における構成単位である流の一つである。	copula:identity(entity=東流（ひ,value=しながれ）は、博多祇園山笠や博多松囃子（博多どんたく）の運営における構成単位である流の一つ)	copula:identity(entity=東流（ひがしながれ）,value=、博多祇園山笠や博多松囃子（博多どんたく）の運営における構成単位である流の一つ)
w1204	0	菅原 高視（すがわら の たかみ）は、平安時代前期の貴族。	copula:identity(entity=菅原 高視（す,value=わら の たかみ）は、平安時代前期の貴族)	copula:identity(entity=菅原 高視（すがわら の たかみ）,value=、平安時代前期の貴族)
w121	84	肉体から離れたり、死後も存続することが可能と考えられ、体とは別にそれだけで一つの実体をもつとされる、非物質的な存在。	modality:存続する() | modality:もつ(patient=一つの実体)	modality:もつ(patient=一つの実体)
w1352	0	松平 頼升（まつだいら よりのり）は、江戸時代後期の大名、明治時代前期の華族。	copula:property(entity=松平 頼升（まつだいら より,attribute=り）,value=、江戸時代後期の大名、明治時代前期の華族)	copula:identity(entity=松平 頼升（まつだいら よりのり）,value=、江戸時代後期の大名、明治時代前期の華族)
w1363	98	ながらく副業作家であったため作品数は少ない。	copula:identity(entity=な,value=らく副業作家であったため作品数は少ない)	copula:identity(entity=ながらく副業作家であったため作品数,value=少ない)
w1363	120	英文学の教師（オハイオ大学などに勤務）を本業とし、晩年は作家業に専念した。	frame:専念する(agent=晩年,recipient=作家業)	frame:専念する(recipient=作家業,time=晩年)
w1375	0	学校法人薫英学園（がっこうほうじんくんえいがくえん）とは、日本の学校法人の一つ。	copula:identity(entity=学校法人薫英学園（,value=っこうほうじんくんえいがくえん）とは、日本の学校法人の一つ)	copula:identity(entity=学校法人薫英学園（がっこうほうじんくんえいがくえん）,value=、日本の学校法人の一つ)
w1397	50	通称「八中(はっちゅう)」。	copula:identity(entity=通称「八中(,value=っちゅう)」)	quote:quotation(quotation=八中(はっちゅう))
w1398	0	内藤 信義（ないとう のぶよし）は、村上藩内藤家の分家当主。	copula:property(entity=内藤 信義（ないとう ,attribute=ぶよし）,value=、村上藩内藤家の分家当主)	copula:identity(entity=内藤 信義（ないとう のぶよし）,value=、村上藩内藤家の分家当主)
w142	0	()]] リトマス（利篤謨斯、）は、リトマスゴケ（ 属）などある種の地衣類から得られる紫色の染料。	adnominal:得る(patient=紫色の染料,modifier=紫色の染料,agent=種の地衣類)	adnominal:得る(patient=紫色の染料,modifier=紫色の染料,adjunct_1=種の地衣類)
w1444	52	2001年10月17日に発売された。	frame:発売する(agent=2001年10月17日)	frame:発売する(time=2001年10月17日)
w1460	129	日本では同年にカプコンから発売された。	time_expr:発売する(context=日本,source=カプコン,time=同年)	frame:発売する(agent=カプコン,topic=日本,time=同年)
w1487	154	筋肉質な英雄や肉感的な女性、怪物や戦闘場面の主題を、躍動的な人体表現と視線誘導の強い画面構成で描く作風で知られ、「剣と魔法」ジャンルのヴィジュアルイメージの形成に大きく寄与したとされる。	modality:寄与する() | quote:quotation(quotation=剣と魔法)	quote:quotation(quotation=剣と魔法)
w1491	101	2018年4月にはweb版、『FINEBOYS Online』をスタート。	copula:identity(entity=2018年4月に,value=web版、『FINEBOYS Online』をスタート)	quote:quotation(quotation=FINEBOYS Online)
w1499	0	吉田川（よしだがわ）は、木曽川水系の一級河川。	copula:identity(entity=吉田川（よしだ,value=わ）は、木曽川水系の一級河川)	copula:identity(entity=吉田川（よしだがわ）,value=、木曽川水系の一級河川)
w156	0	源 為義（みなもと の ためよし）は、平安時代末期の武将。	copula:property(entity=源 為義（みなもと ,attribute= ためよし）,value=、平安時代末期の武将)	copula:identity(entity=源 為義（みなもと の ためよし）,value=、平安時代末期の武将)
w181	96	1967年10月に廃止された。	frame:廃止する(agent=1967年10月)	frame:廃止する(time=1967年10月)
w191	0	『栄花物語』（えいがものがたり）は平安時代の歴史物語。	copula:identity(entity=『栄花物語』（えい,value=ものがたり）は平安時代の歴史物語)	copula:identity(entity=『栄花物語』（えいがものがたり）,value=平安時代の歴史物語)
w192	0	モリヤツガシラ属（もりやつがしらぞく、学名 ）は、サイチョウ目モリヤツガシラ科の1属である。	copula:identity(entity=モリヤツガシラ属（もりやつ,value=しらぞく、学名 ）は、サイチョウ目モリヤツガシラ科の1属)	copula:identity(entity=モリヤツガシラ属（もりやつがしらぞく、学名 ）,value=、サイチョウ目モリヤツガシラ科の1属)
w198	0	文部科学大臣（もんぶかがくだいじん、）は、日本の文部科学省の長および主任の大臣たる国務大臣。	copula:identity(entity=文部科学大臣（もんぶか,value=くだいじん、）は、日本の文部科学省の長および主任の大臣たる国務大臣)	copula:identity(entity=文部科学大臣（もんぶかがくだいじん、）,value=、日本の文部科学省の長および主任の大臣たる国務大臣)
w219	0	情報倫理（じょうほうりんり、）とは、人間が情報もしくは情報技術をもちいた社会形成に必要とされる行動の規範である。	gold_passive:する(patient=行動の規範,modifier=行動の規範,agent=もちいた社会形成,adjunct_1=必要)	adnominal:する(patient=行動の規範,modifier=行動の規範,adjunct_1=社会形成,adjunct_2=必要)
w225	0	ウィンブルドン選手権（ウィンブルドンせんしゅけん、）は、イギリス・ロンドンのウィンブルドンで開催されるテニスの4大国際大会の一つである。	adnominal:開催する(patient=テニスの4大国際大会の一つ,modifier=テニスの4大国際大会の一つ,adjunct_1=ロンドンのウィンブルドン)	adnominal:開催する(patient=テニスの4大国際大会の一つ,modifier=テニスの4大国際大会の一つ,place=ロンドンのウィンブルドン)
w254	0	エスカロップは、ケチャップライスまたはバターライスにポークカツを乗せてドミグラスソースを掛けた料理。	te_chain:乗せる(agent=エスカロップ,patient=ポークカツ,recipient=ケチャップライスまたはバターライス) | te_chain:掛ける(patient=ドミグラスソース,topic=エスカロップ,nominal_head=料理)	te_chain:掛ける(patient=ドミグラスソース,topic=エスカロップ,nominal_head=料理)
w255	0	おサイフケータイは、携帯電話に埋め込まれたFeliCaチップ（ICチップ）を用いた、非接触型の少額決済サービス、およびこのサービスに対応したモバイルFeliCa ICチップ等を内蔵した携帯電話等の総称。	adnominal:埋め込む(patient=FeliCaチップ,modifier=FeliCaチップ,agent=携帯電話)	adnominal:埋め込む(patient=FeliCaチップ,modifier=FeliCaチップ,adjunct_1=携帯電話)
w256	0	河野 通宣（かわの みちのぶ）は、河野氏の人物。	copula:property(entity=河野 通宣（かわの みち,attribute=ぶ）,value=、河野氏の人物)	copula:identity(entity=河野 通宣（かわの みちのぶ）,value=、河野氏の人物)
w27	0	行政代執行（ぎょうせいだいしっこう）とは、行政上の強制執行の一種。	copula:identity(entity=行政代執行（ぎょうせいだいしっこう）と,value=、行政上の強制執行の一種)	copula:identity(entity=行政代執行（ぎょうせいだいしっこう）,value=、行政上の強制執行の一種)
w303	0	日本の農道一覧（にほんののうどういちらん）は、日本の農道の一覧である。	copula:property(entity=日本の農道一覧（にほんの,attribute=うどういちらん）,value=、日本の農道の一覧)	copula:property(entity=日本,attribute=農道一覧（にほんののうどういちらん）,value=、日本の農道の一覧)
w309	0	中屋旅館（なかやりょかん）とは、旅館の名称である。	copula:identity(entity=中屋旅館（なかやりょかん）と,value=、旅館の名称)	copula:identity(entity=中屋旅館（なかやりょかん）,value=、旅館の名称)
w320	0	ナキハクチョウ（鳴白鳥、Cygnus buccinator）は、カモ目カモ科ハクチョウ属に分類される鳥類。	adnominal:分類する(patient=鳥類,modifier=鳥類,agent=カモ目カモ科ハクチョウ属)	adnominal:分類する(patient=鳥類,modifier=鳥類,adjunct_1=カモ目カモ科ハクチョウ属)
w321	0	八宝菜（はっぽうさい、、、 パーパオツァイ）とは中華料理のひとつである。	copula:identity(entity=八宝菜（,value=っぽうさい、、、 パーパオツァイ）とは中華料理のひとつ)	copula:identity(entity=八宝菜（はっぽうさい、、、 パーパオツァイ）,value=中華料理のひとつ)
w322	0	品川宿（しながわしゅく、しながわじゅく）は、東海道五十三次の宿場の一つ。	copula:identity(entity=品川宿（しな,value=わしゅく、しながわじゅく）は、東海道五十三次の宿場の一つ)	copula:identity(entity=品川宿（しながわしゅく、しながわじゅく）,value=、東海道五十三次の宿場の一つ)
w342	0	人情噺（にんじょうばなし）とは、落語の演目の中のひとつのカテゴリである。	copula:identity(entity=人情噺（にんじょうばなし）と,value=、落語の演目の中のひとつのカテゴリ)	copula:identity(entity=人情噺（にんじょうばなし）,value=、落語の演目の中のひとつのカテゴリ)
w348	46	1991年11月に北海道の箭内政之と渡辺和郎によって発見された。	frame:発見する(agent=渡辺和郎,recipient=1991年11月,companion=北海道の箭内政之)	frame:発見する(agent=渡辺和郎,time=1991年11月,companion=北海道の箭内政之)
w358	0	『1973年のピンボール』 （せんきゅうひゃくななじゅうさんねんのピンボール） は、村上春樹の2作目の長編小説。	copula:property(entity=『1973年のピンボール』 （せんきゅうひゃくななじゅうさんねん,attribute=ピンボール） ,value=、村上春樹の2作目の長編小説)	copula:identity(entity=『1973年のピンボール』 （せんきゅうひゃくななじゅうさんねんのピンボール） ,value=、村上春樹の2作目の長編小説)
w361	0	藤原 仲麻呂（ふじわらの なかまろ、慶雲3年〈706年〉- 天平宝字8年旧9月18日〈764年10月17日〉）は、奈良時代の公卿。	copula:property(entity=藤原 仲麻呂（ふじわら,attribute= なかまろ、慶雲3年〈706年〉- 天平宝字8年旧9月18日〈764年10月17日〉）,value=、奈良時代の公卿)	copula:identity(entity=藤原 仲麻呂（ふじわらの なかまろ、慶雲3年〈706年〉- 天平宝字8年旧9月18日〈764年10月17日〉）,value=、奈良時代の公卿)
w380	63	ヨウ素を1811年に発見した。	frame:発見する(patient=ヨウ素,recipient=1811年)	frame:発見する(patient=ヨウ素,time=1811年)
w382	0	エルティシ川（エルティシがわ、, , , , , 、日本語でイルティシュ川、イルティッシュ川、イルティシ川、イルチシ川、イルトィシュ川、イルトィシ川とも表記）は、アジアの川で、オビ川の主要な支流のひとつ。	copula:identity(entity=エルティシ川（エルティシ,value=わ、, , , , , 、日本語でイルティシュ川、イルティッシュ川、イルティシ川、イルチシ川、イルトィシュ川、イルトィシ川とも表記）は、アジアの川で、オビ川の主要な支流のひとつ)	copula:identity(entity=エルティシ川（エルティシがわ、, , , , , 、日本語でイルティシュ川、イルティッシュ川、イルティシ川、イルチシ川、イルトィシュ川、イルトィシ川とも表記）,value=、アジアの川で、オビ川の主要な支流のひとつ)
w395	78	奥州で産出される金を京で商う事を生業としたとされ、源義経が奥州藤原氏を頼って奥州平泉に下るのを手助けしたとされる。	modality:手助けする() | adnominal:産出する(patient=金,modifier=金,adjunct_1=奥州)	adnominal:産出する(patient=金,modifier=金,place=奥州)
w41	0	大隅国（おおすみのくに、）は、かつて日本の地方行政区分だった令制国の一つ。	copula:property(entity=大隅国（おおすみ,attribute=くに、）,value=、かつて日本の地方行政区分だった令制国の一つ)	copula:identity(entity=大隅国（おおすみのくに、）,value=、かつて日本の地方行政区分だった令制国の一つ)
w436	0	前田 斉広（まえだ なりなが）は、加賀藩の第11代藩主。	copula:identity(entity=前田 斉広（まえだ なりな,value=）は、加賀藩の第11代藩主)	copula:identity(entity=前田 斉広（まえだ なりなが）,value=、加賀藩の第11代藩主)
w471	0	『幕張サボテンキャンパス』（まくはりサボテンキャンパス）は、みずしな孝之による日本の4コマ漫画。	copula:identity(entity=『幕張サボテンキャンパス』（まく,value=りサボテンキャンパス）は、みずしな孝之による日本の4コマ漫画)	copula:identity(entity=『幕張サボテンキャンパス』（まくはりサボテンキャンパス）,value=、みずしな孝之による日本の4コマ漫画)
w513	110	1996年3月に開所した。	frame:開所する(recipient=1996年3月)	frame:開所する(time=1996年3月)
w541	0	農中信託銀行株式会社（のうちゅうしんたくぎんこう、）は、農林中央金庫グループの信託銀行。	copula:property(entity=農中信託銀行株式会社（,attribute=うちゅうしんたくぎんこう、）,value=、農林中央金庫グループの信託銀行)	copula:identity(entity=農中信託銀行株式会社（のうちゅうしんたくぎんこう、）,value=、農林中央金庫グループの信託銀行)
w548	106	また、本社機能の移転日時を同月11日に修正した。	frame:修正する(patient=本社機能の移転日時,recipient=同月11日)	frame:修正する(patient=本社機能の移転日時,time=同月11日)
w550	0	原田 宗資（はらだ むねすけ）は、安土桃山時代から江戸時代初期の武将、仙台藩伊達家重臣。	copula:identity(entity=原田 宗資（,value=らだ むねすけ）は、安土桃山時代から江戸時代初期の武将、仙台藩伊達家重臣)	copula:identity(entity=原田 宗資（はらだ むねすけ）,value=、安土桃山時代から江戸時代初期の武将、仙台藩伊達家重臣)
w573	0	の墓]] 酒井 忠隆（さかい ただたか）は、若狭小浜藩の第3代藩主。	copula:property(entity=,attribute=墓]] 酒井 忠隆（さかい ただたか）,value=、若狭小浜藩の第3代藩主)	copula:identity(entity=の墓]] 酒井 忠隆（さかい ただたか）,value=、若狭小浜藩の第3代藩主)
w60	0	コントラファゴットは、木管楽器の一つで、ファゴット同様、上下に組み合わされた2枚のリードによって音を出すダブルリード（複簧）式の管楽器である。	adnominal:組み合わす(patient=2枚のリード,modifier=2枚のリード,agent=上下)	adnominal:組み合わす(patient=2枚のリード,modifier=2枚のリード,adjunct_1=上下)
w632	0	兵衛府（ひょうえふ）とは、律令制における官司。	copula:identity(entity=兵衛府（ひょうえふ）と,value=、律令制における官司)	copula:identity(entity=兵衛府（ひょうえふ）,value=、律令制における官司)
w659	0	非円唇後舌半狭母音（ひえんしん あとじた はんせまぼいん）は母音の種類の一つで、基本母音の第15番。	copula:identity(entity=非円唇後舌半狭母音（ひえんしん あとじた ,value=んせまぼいん）は母音の種類の一つで、基本母音の第15番)	copula:identity(entity=非円唇後舌半狭母音（ひえんしん あとじた はんせまぼいん）,value=母音の種類の一つで、基本母音の第15番)
w667	39	]] V型2気筒（ブイがたにきとう）とは、レシプロエンジンなどのシリンダー配列形式のひとつ。	copula:identity(entity=]] V型2気筒（ブイ,value=たにきとう）とは、レシプロエンジンなどのシリンダー配列形式のひとつ)	copula:identity(entity=]] V型2気筒（ブイがたにきとう）,value=、レシプロエンジンなどのシリンダー配列形式のひとつ)
w675	111	1956年にノーム・チョムスキーが発表した。	frame:発表する(agent=ノーム・チョムスキー,recipient=1956年)	frame:発表する(agent=ノーム・チョムスキー,time=1956年)
w727	56	により、1846年に創業された。	frame:創業する(agent=1846年)	frame:創業する(time=1846年)
w729	90	1963年にビートルズによってカバーされた。	frame:カバーする(agent=ビートルズ,recipient=1963年)	frame:カバーする(agent=ビートルズ,time=1963年)
w747	39	1974年にデビューした。	frame:デビューする(recipient=1974年)	frame:デビューする(time=1974年)
w767	67	本来は、徽章と表記されるべきであるが、常用漢字に含まれない漢字が使用されているため、記章とされ、各議院の記章規程においても「記章」が用いられている。	modality:表記する() | quote:quotation(quotation=記章)	quote:quotation(quotation=記章)
w812	0	廬井 鯨（いおい の くじら）は、飛鳥時代の人物。	copula:property(entity=廬井 鯨（いおい ,attribute= くじら）,value=、飛鳥時代の人物)	copula:identity(entity=廬井 鯨（いおい の くじら）,value=、飛鳥時代の人物)
w832	0	久努 麻呂（くぬ の まろ）は、飛鳥時代の人物。	copula:property(entity=久努 麻呂（くぬ ,attribute= まろ）,value=、飛鳥時代の人物)	copula:identity(entity=久努 麻呂（くぬ の まろ）,value=、飛鳥時代の人物)
w840	0	日本獣医生命科学大学（にほんじゅういせいめいかがくだいがく、）は、日本の私立大学。	copula:identity(entity=日本獣医生命科学大学（にほんじゅういせいめいか,value=くだいがく、）は、日本の私立大学)	copula:identity(entity=日本獣医生命科学大学（にほんじゅういせいめいかがくだいがく、）,value=、日本の私立大学)
w856	0	顔面骨折（がんめんこっせつ、）とは、顔面における骨折である。	copula:identity(entity=顔面骨折（,value=んめんこっせつ、）とは、顔面における骨折)	copula:identity(entity=顔面骨折（がんめんこっせつ、）,value=、顔面における骨折)
w878	0	「赤とんぼの唄」（あかとんぼのうた）とは、あのねのねの楽曲で1枚目のシングルである（メジャーデビュー作）。	copula:property(entity=「赤とんぼの唄」（あかとんぼ,attribute=うた）と,value=、あのねのねの楽曲で1枚目のシングルである（メジャーデビュー作）)	copula:identity(entity=「赤とんぼの唄」（あかとんぼのうた）,value=、あのねのねの楽曲で1枚目のシングルである（メジャーデビュー作）)
w882	0	水野 勝貞（みずの かつさだ）は、備後国福山藩の第3代藩主。	copula:property(entity=水野 勝貞（みず,attribute= かつさだ）,value=、備後国福山藩の第3代藩主)	copula:identity(entity=水野 勝貞（みずの かつさだ）,value=、備後国福山藩の第3代藩主)
w892	0	水野 忠恒（みずの ただつね）は、江戸時代の大名。	copula:property(entity=水野 忠恒（みず,attribute= ただつね）,value=、江戸時代の大名)	copula:identity(entity=水野 忠恒（みずの ただつね）,value=、江戸時代の大名)
w915	113	40以上の言語に翻訳されている。	frame:翻訳する(agent=40以上の言語)	frame:翻訳する(result=40以上の言語)
w918	194	ニュルンベルク裁判において死刑判決を受け、処刑された。	frame:与える(patient=死刑判決,setting=ニュルンベルク裁判) | frame:処刑する()	frame:与える(patient=死刑判決,setting=ニュルンベルク裁判)
w94	0	『銀の勇者』（ぎんのゆうしゃ）は、渡辺祥智によるファンタジー漫画。	copula:property(entity=『銀の勇者』（ぎん,attribute=ゆうしゃ）,value=、渡辺祥智によるファンタジー漫画)	copula:identity(entity=『銀の勇者』（ぎんのゆうしゃ）,value=、渡辺祥智によるファンタジー漫画)
w940	155	戦後はソ連空軍の指揮官として朝鮮戦争に参戦した。	frame:参戦する(agent=戦後,recipient=朝鮮戦争,capacity=ソ連空軍の指揮官)	frame:参戦する(recipient=朝鮮戦争,capacity=ソ連空軍の指揮官,time=戦後)
w940	179	その後、空軍の将官として勤務を続け、晩年はソ連人民代議員を勤めた。	frame:勤める(agent=晩年,patient=ソ連人民代議員)	frame:続ける(patient=勤務,capacity=空軍の将官,time=その後) | frame:勤める(patient=ソ連人民代議員,time=晩年)
w955	0	MDGRAPE-3とは、理研の分子動力学シミュレーション専用の超高速計算機（スーパーコンピュータ）である。	copula:identity(entity=MDGRAPE-3と,value=、理研の分子動力学シミュレーション専用の超高速計算機（スーパーコンピュータ）)	copula:identity(entity=MDGRAPE-3,value=、理研の分子動力学シミュレーション専用の超高速計算機（スーパーコンピュータ）)
w969	53	「どまんじゅう」とは土饅頭、即ち墓の墳丘のことである。	copula:identity(entity=「どまんじゅう」と,value=土饅頭、即ち墓の墳丘のこと)	copula:identity(entity=「どまんじゅう」,value=土饅頭、即ち墓の墳丘のこと)
w97	80	退局後はタレントとしても活動した。	frame:活動する(agent=退局後,capacity=タレント)	frame:活動する(capacity=タレント,time=退局後)
w974	0	画）]] 間 光延（はざま みつのぶ、寛永12年（1635年）-元禄16年2月4日（1703年3月20日））は、江戸時代前期の武士。	copula:identity(entity=画）]] 間 光延（,value=ざま みつのぶ、寛永12年（1635年）-元禄16年2月4日（1703年3月20日））は、江戸時代前期の武士)	copula:identity(entity=画）]] 間 光延（はざま みつのぶ、寛永12年（1635年）-元禄16年2月4日（1703年3月20日））,value=、江戸時代前期の武士)
w991	0	アメリカ野球愛好会（あめりかやきゅうあいこうかい　英語表記はAssociation of American Baseball Research）は、アメリカ野球の研究団体。	copula:identity(entity=アメリカ野球愛好会（あめりかやきゅうあいこうかい　英語表記,value=Association of American Baseball Research）は、アメリカ野球の研究団体)	copula:identity(entity=アメリカ野球愛好会（あめりかやきゅうあいこうかい　英語表記はAssociation of American Baseball Research）,value=、アメリカ野球の研究団体)
