source	start	sentence	before_supported	after_reasons	after_clauses
w1089	108	なお、女子は2000年シドニーオリンピックから導入されている。	frame:導入する(agent=2000年シドニーオリンピック,patient=女子)	ill-typed role: time phrase fused with participant	frame:導入する(agent=2000年シドニーオリンピック,patient=女子)
w11	0	※皇紀は、太陽暦採用と共に1873年に施行された。	frame:施行する(agent=共,patient=皇紀,accompaniment=太陽暦採用,time=1873年)	unrepresented source content	frame:施行する(patient=皇紀,accompaniment=太陽暦採用,time=1873年)
w1163	48	ドラマーの男性と芸能マネージャーの女性の恋および、男性の挫折が描かれる。	diathesis:描く(patient=男性の挫折)	ambiguous case role: と ; unrepresented source content	frame:描く(patient=男性の挫折,ambiguous=ドラマーの男性)
w1196	0	ギニアビサウの首相（ギニアビサウのしゅしょう）では、ギニアビサウ共和国独立以降の歴代の首相について挙げる。	copula:property(entity=ギニアビサウの首相（ギニアビサウ,attribute=しゅしょう）で,value=、ギニアビサウ共和国独立以降の歴代の首相について挙げる)	(not in after)	
w1203	77	コミックス、小説、エッセイ、趣味・実用、アダルト（18歳以上が閲覧可能）の各ジャンルがある。	modality:閲覧する()	event without participant or content word ; unrepresented source content	frame:ある(agent=18歳以上) | modality:閲覧する()
w1203	123	プラグインフリービューア形式、またはPDF形式を使って配信している。	frame:配信する()	event without participant or content word ; unrepresented source content	frame:使う(patient=PDF形式) | frame:配信する()
w1203	157	なお、連載終了した作品でも一部（または全部）が閲覧可能になっている。	modality:閲覧する()	ambiguous case role: で ; ambiguous frame role ; event without participant or content word ; multiple predicates need explicit clause scope ; unrepresented source content ; unsupported source quantifier/exception/time	frame:終了する() | frame:なる(ambiguous=作品) | modality:閲覧する()
w1258	34	民営化前の分類では集配普通郵便局であった。	copula:property(entity=民営化前,attribute=分類で,value=集配普通郵便局であった)	(not in after)	
w1335	28	2004年11月17日にKi/oon Recordsから発売された。	time_expr:発売する(source=Ki/oon Records,time=2004年11月17日)	ambiguous case role: から ; ill-typed role: the から-phrase of a passive is the agent or the origin, and nothing shows it is a spot ; unlocated agent ; unrepresented source content	frame:発売する(time=2004年11月17日,ambiguous=oon Records) | time_expr:発売する(source=Ki/oon Records,time=2004年11月17日)
w1356	48	2004年10月6日にキングレコードから発売された。	frame:発売する(agent=キングレコード,time=2004年10月6日)	ambiguous case role: から ; ill-typed role: the から-phrase of a passive is the agent or the origin, and nothing shows it is a spot	frame:発売する(time=2004年10月6日,ambiguous=キングレコード) | time_expr:発売する(source=キングレコード,time=2004年10月6日)
w1388	72	1998年2月には、国際標準であるISO9002（証明書番号 Q11902）を取得した。	time_expr:取得する(context=は、国際標準,patient=あるISO9002（証明書番号 Q11902）,time=1998年2月)	unrepresented source content	frame:取得する(time=1998年2月)
w1390	63	あわせて、浙江、江蘇の直系の軍隊に北上を急がせた。	frame:あわせる()	causative frame: causer/causee unresolved ; coordinated clause is not assertable alone ; event without participant or content word ; unrepresented source content	frame:あわせる() | frame:急がせる(patient=北上,recipient=江蘇の直系の軍隊)
w1404	0	MAGICAL DASH!（マジカル・ダッシュ）は、TOKYO FMで月曜日から木曜日の平日夕方から夜にかけて放送されていた生放送のラジオ番組である。	frame:放送する()	ambiguous case role: から ; ambiguous case role: で ; duplicate role in clause ; event without participant or content word ; unrepresented source content	frame:かける(ambiguous=TOKYO FM,ambiguous=月曜日,ambiguous=木曜日の平日夕方,time=夜) | frame:放送する()
w1421	110	如来を大仏にしたとされるが愛子大仏は女性的な姿にも見える大仏である。	modality:する(patient=如来,recipient=大仏)	ambiguous case role: に ; ambiguous frame role ; event without participant or content word ; multiple predicates need explicit clause scope ; unrepresented source content	frame:する(patient=如来,ambiguous=大仏) | frame:する() | frame:見える(recipient=姿) | modality:する()
w1439	88	.NET Framework 2.0以降から利用可能。	modality:利用する()	event without participant or content word	modality:利用する()
w1442	65	州間高速道路網の整備以前から2つに分断されているが、カナダ側の道路を経由して連絡することが可能である。	modality:連絡する()	ambiguous case role: から ; ambiguous case role: に ; ambiguous frame role ; duplicate role in clause ; event without participant or content word ; multiple predicates need explicit clause scope ; unrepresented source content ; unsupported source quantifier/exception/time	frame:分断する(ambiguous=州間高速道路網の整備以前,ambiguous=2つ) | frame:経由する(patient=カナダ側の道路) | frame:連絡する() | modality:連絡する()
w195	461	鎌倉初期に安芸国沼田荘の地頭職を得て以来この地方で勢力を振るった。	frame:得る(patient=安芸国沼田荘の地頭職,recipient=鎌倉初期)	ambiguous case role: で ; ambiguous case role: に ; unrepresented source content	frame:得る(patient=安芸国沼田荘の地頭職,ambiguous=鎌倉初期) | frame:振るう(patient=勢力,ambiguous=地方)
w209	0	大森貝塚（おおもりかいづか）は、東京都品川区・大田区にある縄文時代後期から末期の貝塚である。	adnominal:ある(agent=縄文時代後期,modifier=縄文時代後期,setting=東京都品川区・大田区)	ambiguous case role: に ; ambiguous frame role ; ill-typed role: time phrase fused with participant ; unrepresented source content	frame:ある(recipient=東京都品川区・大田区,ambiguous=大田区) | adnominal:ある(agent=縄文時代後期,modifier=縄文時代後期,setting=東京都品川区・大田区)
w234	76	中央にはエルサルバドルの国章が描かれている。	frame:描く(agent=中央,patient=エルサルバドルの国章)	ambiguous case role: に	frame:描く(patient=エルサルバドルの国章,ambiguous=中央)
w285	62	原則として返還されるべき敷金や保証金、建築協力金などとは異なる。	modality:返還する()	event without participant or content word ; multiple predicates need explicit clause scope ; unlocated patient ; unrepresented source content	frame:返還する(capacity=原則) | frame:異なる() | modality:返還する()
w285	177	）に相当する。	frame:相当する()	event without participant or content word	frame:相当する()
w318	41	東京都出身（郷里は青森県）。	copula:identity(entity=東京都出身（郷里,value=青森県）)	(not in after)	
w34	59	ラテン語では quattuordecim（クァットゥオルデキム）。	copula:identity(entity=ラテン語で,value=quattuordecim（クァットゥオルデキム）)	(not in after)	
w362	71	、、ともいう。	frame:いう()	event without participant or content word	frame:いう()
w40	0	遮断器（しゃだんき、）は、電力回路・電力機器などの負荷電流の開閉や異常状態発生時に、仮に電路が短絡状態になっていたとしても安全に回路を開閉できるようにするための器具。	diathesis:開閉する(patient=回路)	ambiguous case role: に ; ambiguous frame role ; duplicate role in clause ; event without participant or content word ; multiple predicates need explicit clause scope ; unrepresented source content	frame:なる(agent=電路,ambiguous=異常状態発生時,result=仮,result=短絡状態) | frame:開閉できる(patient=回路) | frame:する()
w413	180	MIZUNOの一社提供（一部地域ではローカルスポンサーとの混合による複数社提供あるいはスポンサー差し替え）。	copula:property(entity=MIZUNO,attribute=一社提供（一部地域で,value=ローカルスポンサーとの混合による複数社提供あるいはスポンサー差し替え）)	(not in after)	
w471	116	単行本全11巻（文庫版は全6巻）。	copula:identity(entity=単行本全11巻（文庫版,value=全6巻）)	(not in after)	
w491	85	パラマリボの市域は北大西洋を北に望み、東のスリナム川に接する。	frame:望む(agent=パラマリボの市域,patient=北大西洋,recipient=北)	ambiguous case role: に ; unlicensed role borrowing	frame:望む(agent=パラマリボの市域,patient=北大西洋,ambiguous=北) | frame:接する(recipient=東のスリナム川)
w503	42	山梨県富士吉田市出身（出生は山形県）。	copula:identity(entity=山梨県富士吉田市出身（出生,value=山形県）)	(not in after)	
w506	0	ガラタサライ・スポル・クリュビュ（Galatasaray Spor Kulübü）は、トルコ・イスタンブールの総合スポーツクラブであり、サッカー部門が最も有名である。	copula:identity(entity=ガラタサライ・スポル・クリュビュ（Galatasaray Spor Kulübü）,value=、トルコ・イスタンブールの総合スポーツクラブであり、サッカー部門が最も有名)	copula value is a predicate phrase	copula:identity(entity=ガラタサライ・スポル・クリュビュ（Galatasaray Spor Kulübü）,value=、トルコ・イスタンブールの総合スポーツクラブであり、サッカー部門が最も有名)
w52	113	固形の飴を固飴（かたあめ）、粘液状の飴を水飴（みずあめ）と呼び、大別する。	frame:大別する()	event without participant or content word ; unrepresented source content	frame:呼ぶ(patient=固形の飴) | frame:大別する()
w574	95	フロッピーディスクやCD-ROMといった取り外し可能な記憶媒体の読み出し装置が接続されていないコンピュータへの導入や、大量のコンピュータへの一括導入に用いられる。	modality:取り外し()	ambiguous case role: と ; ambiguous case role: に ; ambiguous frame role ; event without participant or content word ; multiple predicates need explicit clause scope ; unrepresented source content	frame:いう(ambiguous=ROM) | frame:接続する-(patient=記憶媒体の読み出し装置) | frame:用いる(recipient=コンピュータ,direction=大量のコンピュータ,ambiguous=の一括導入) | modality:取り外し()
w599	131	異表記に昌三、笑三（あるいは号とも〈曲田（1894）〉）、咲三。	copula:identity(entity=異表記に昌三、笑三（あるい,value=号とも〈曲田（1894）〉）、咲三)	(not in after)	
w623	10	ロシア国民でも立ち入りは規制される]] 閉鎖都市（へいさとし、, 〈ザトー〉）、または秘密都市（ひみつとし）とは、都市についての情報の開示や出入りが厳しく制限されている都市である。	diathesis:規制する(patient=立ち入り)	ambiguous case role: で ; ambiguous case role: と ; ambiguous frame role ; event without participant or content word ; multiple predicates need explicit clause scope ; unlicensed role borrowing ; unrepresented source content	frame:規制する(patient=立ち入り,ambiguous=ロシア国民) | frame:さとす() | frame:する(ambiguous=ひみつ) | frame:制限する(patient=出入り,topic=都市)
w653	33	F1型（エフいちがた）とも。	copula:identity(entity=F1型（エフいち,value=た）とも)	(not in after)	
w665	53	国の史跡に指定されている。	frame:指定する(agent=国の史跡)	ambiguous case role: に	frame:指定する(ambiguous=国の史跡)
w698	71	中性スピリッツをベースとしており、製品のアルコール度数は26度、エキス分は32％。	copula:property(entity=中性スピリッツをベースとしており、製品,attribute=アルコール度数,value=26度、エキス分は32％)	ill-typed role: phrase spans a case particle	copula:property(entity=中性スピリッツをベースとしており、製品,attribute=アルコール度数,value=26度、エキス分は32％)
w7	24	転じて、コンピュータやインターネットの分野においては、作業を自動化するプログラムの総称。	frame:転ずる()	ambiguous frame role ; coordinated clause is not assertable alone ; event without participant or content word ; unrepresented source content	frame:転ずる() | frame:する(patient=作業,setting=インターネットの分野)
w709	86	通称は帯刀左衛門尉、官位は越前守と称す。	np_internal:称す(topic=通称,agent=帯刀左衛門尉、官位,companion=越前守)	unrepresented source content	frame:称す(agent=官位,companion=越前守)
w763	195	2000年頃に生まれたとされる。	modality:生まれる()	event without participant or content word ; multiple predicates need explicit clause scope ; unrepresented source content ; unsupported source quantifier/exception/time	frame:生まれる(time=2000年頃) | frame:する() | modality:生まれる()
w790	54	2～3日に亘って食べるとされる。	modality:食べる()	event without participant or content word ; multiple predicates need explicit clause scope ; unrepresented source content ; unsupported source quantifier/exception/time	frame:亘る(time=3日) | frame:食べる() | frame:する() | modality:食べる()
w823	48	MusicRay'nからSACDハイブリッドで2005年6月1日に発売された。	time_expr:発売する(source=MusicRay'n,context=SACDハイブリッド,time=2005年6月1日)	ambiguous case role: から ; ambiguous case role: で ; duplicate role in clause ; ill-typed role: the から-phrase of a passive is the agent or the origin, and nothing shows it is a spot ; unrepresented source content	frame:発売する(ambiguous=n,ambiguous=SACDハイブリッド,time=2005年6月1日) | time_expr:発売する(source=MusicRay'n,context=SACDハイブリッド,time=2005年6月1日)
w831	60	英語ではキャノピー（canopy）。	copula:identity(entity=英語で,value=キャノピー（canopy）)	(not in after)	
w84	42	航空工学（こうくうこうがく）とも。	copula:identity(entity=航空工学（こうくうこう,value=く）とも)	(not in after)	
w855	135	地震調査委員会による調査では、地震の発生確率は最大3%。	copula:identity(entity=地震調査委員会による調査で,value=、地震の発生確率は最大3%)	(not in after)	
w855	185	断層の東側が西側に乗りあがる形で千里丘陵が形作られた。	diathesis:形作る(patient=千里丘陵)	ambiguous case role: で ; ambiguous frame role ; event without participant or content word ; multiple predicates need explicit clause scope ; unrepresented source content	frame:乗る(agent=断層の東側,recipient=西側) | frame:あがる() | frame:形作る(patient=千里丘陵,ambiguous=形)
w868	69	カントリー・ミュージシャンのジョニー・キャッシュの伝記映画で、特に彼の2人目の妻となった歌手のジューン・カーターとの関係を描いている。	diathesis:描く(patient=関係)	ambiguous case role: で ; ambiguous case role: と ; ambiguous frame role ; duplicate role in clause ; multiple predicates need explicit clause scope ; unrepresented source content ; unresolved anaphora	frame:なる(ambiguous=キャッシュの伝記映画,ambiguous=彼の2人目の妻) | frame:描く(patient=関係,companion=カーター)
w89	59	下り線は左ルートからのみ利用可能。	modality:利用する()	copula value is a predicate phrase ; event without participant or content word ; unsupported source quantifier/exception/time	copula:identity(entity=下り線,value=左ルートからのみ利用可能) | modality:利用する()
w915	63	1945年にラベン&シェーグレン社からイングリッド・ヴァン・ニイマンによるイラスト付きで出版された。	time_expr:出版する(source=ラベン&シェーグレン社,agent=イングリッド・ヴァン・ニイマン,context=イラスト付き,time=1945年)	ambiguous case role: から ; ambiguous case role: で ; duplicate role in clause ; ill-typed role: the から-phrase of a passive is the agent or the origin, and nothing shows it is a spot ; unrepresented source content	frame:出版する(agent=イングリッド・ヴァン・ニイマン,time=1945年,ambiguous=シェーグレン社,by=ニイマン,ambiguous=イラスト付き) | time_expr:出版する(source=ラベン&シェーグレン社,agent=イングリッド・ヴァン・ニイマン,context=イラスト付き,time=1945年)
w937	45	転じて地名などにも用いられる。	frame:転ずる()	coordinated clause is not assertable alone ; event without participant or content word ; unrepresented source content	frame:転ずる() | frame:用いる()
w946	190	）とされている。	frame:する()	event without participant or content word	frame:する()
w95	45	同名を冠する艦としては3隻目。	measure:measure.counter:隻目(entity=同名を冠する艦として,label=同名を冠する艦として,value=3隻目)	ill-typed role: phrase spans a case particle	measure:measure.counter:隻目(entity=同名を冠する艦として,label=同名を冠する艦として,value=3隻目)
w988	68	COME ON! FM（カモンエフエム）の愛称でコミュニティ放送を行っている。	diathesis:行う(patient=コミュニティ放送)	ambiguous case role: で ; unrepresented source content	frame:行う(patient=コミュニティ放送,ambiguous=の愛称)
