text	dev_readable	round2_readable	round3_readable	state
猫が庭へ走った。	False	True	True	kept
馬が森へ走った。	False	True	True	kept
鳥が島へ飛んだ。	False	True	True	kept
兄が村へ歩いた。	False	True	True	kept
弟が港へ走った。	False	True	True	kept
姉が市場へ立ち寄った。	False	True	True	kept
母が病院へ引き返した。	False	True	True	kept
先生が町へ赴いた。	False	True	True	kept
生徒が広場へ集まった。	False	True	True	kept
祖父が寺へ歩いた。	False	True	True	kept
父が畑へ走った。	False	True	True	kept
妹が橋へ歩いた。	False	True	True	kept
兄が玄関へ走った。	False	True	True	kept
学生が倉庫へ立ち寄った。	False	True	True	kept
店員が屋上へ走った。	False	True	True	kept
犬が湖へ走った。	False	True	True	kept
兄が駅から空港へ歩いた。	False	True	True	kept
弟が町から山へ走った。	False	True	True	kept
母が店から台所へ歩いた。	False	True	True	kept
姉が山から村へ引き返した。	False	True	True	kept
祖父が工場から町へ歩いた。	False	True	True	kept
弟が夜に港へ歩いた。	False	True	True	kept
先生が冬に島へ赴いた。	False	True	True	kept
姉が昼に公園へ走った。	False	True	True	kept
母が夜、手紙を書いた。	False	True	True	kept
弟が夜、皿を洗った。	False	True	True	kept
姉が夜、扉を閉めた。	False	True	True	kept
兄が冬、窓を閉めた。	False	True	True	kept
父が冬、靴を磨いた。	False	True	True	kept
祖父が冬、本を読んだ。	False	True	True	kept
先生が昼、本を読んだ。	False	True	True	kept
妹が昼、皿を洗った。	False	True	True	kept
生徒が昼、絵を描いた。	False	True	True	kept
店員が休日、床を磨いた。	False	True	True	kept
母が休日、食器を洗った。	False	True	True	kept
兄が休日、手紙を書いた。	False	True	True	kept
父が平日、窓を開けた。	False	True	True	kept
姉が平日、靴を磨いた。	False	True	True	kept
弟が平日、本を読んだ。	False	True	True	kept
母が年末、床を磨いた。	False	True	True	kept
兄が年末、窓を洗った。	False	True	True	kept
先生が年末、手紙を書いた。	False	True	True	kept
生徒が放課後、床を磨いた。	False	True	True	kept
学生が放課後、本を読んだ。	False	True	True	kept
妹が放課後、窓を開けた。	False	True	True	kept
父が月末、手紙を書いた。	False	True	True	kept
姉が月末、食器を洗った。	False	True	True	kept
弟が月末、靴を磨いた。	False	True	True	kept
母が誕生日、手紙を書いた。	False	True	True	kept
兄が誕生日、絵を描いた。	False	True	True	kept
祖父が誕生日、本を読んだ。	False	True	True	kept
